id	jurisdiction	full_name	short_name	in_use	start_date	end_date	parent_court_id
acca	MA	Army Court of Criminal Appeals	Army Court of Criminal Appeals	t			
admiraltyctsc	SS	South Carolina Admiralty Court	South Carolina Admiralty Court	f			
afcca	MA	United States Air Force Court of Criminal Appeals	Air Force Court of Criminal Appeals	t			
ag	FS	United States Attorneys General	Attorneys General	f			
akb	FB	United States Bankruptcy Court, D. Alaska	D. Alaska	t			
akd	FD	District Court, D. Alaska	D. Alaska	t			usdistct
ala	S	Supreme Court of Alabama	Supreme Court of Alabama	t	1819-01-01		
alacivapp	SA	Court of Civil Appeals of Alabama	Court of Civil Appeals of Alabama	t	1969-01-01		
alacrimapp	SA	Court of Criminal Appeals of Alabama	Court of Criminal Appeals of Alabama	t	1969-01-01		
alactapp	SA	Alabama Court of Appeals	Alabama Court of Appeals	t	1911-01-01	1969-01-01	
alaska	S	Alaska Supreme Court	Alaska Supreme Court	t	1959-01-03		
alaskactapp	SA	Court of Appeals of Alaska	Court of Appeals of Alaska	t	1980-07-01		
ald	FD	District Court, D. Alabama	D. Alabama	f	1820-04-21	1824-03-10	usdistct
almb	FB	United States Bankruptcy Court, M.D. Alabama	M.D. Alabama	t			
almd	FD	District Court, M.D. Alabama	M.D. Alabama	t			usdistct
alnb	FB	United States Bankruptcy Court, N.D. Alabama	N.D. Alabama	t			
alnd	FD	District Court, N.D. Alabama	N.D. Alabama	t			usdistct
alsb	FB	United States Bankruptcy Court, S.D. Alabama	S.D. Alabama	t			
alsd	FD	District Court, S.D. Alabama	S.D. Alabama	t			usdistct
amsamoa	TS	High Court of American Samoa	High Court of American Samoa	t			
amsamoatc	TT	American Samoa District Court	American Samoa District Court	t			
arb	FB	United States Bankruptcy Court, D. Arizona	D. Arizona	t			
ard	FD	United States District Court for the District of Arkansas	United States District Court for the District of Arkansas	f	1836-06-15	1851-03-03	usdistct
areb	FB	United States Bankruptcy Court, E.D. Arkansas	E.D. Arkansas	t			
ared	FD	District Court, E.D. Arkansas	E.D. Arkansas	t			usdistct
ariz	S	Arizona Supreme Court	Arizona Supreme Court	t	1912-01-01		
arizctapp	SA	Court of Appeals of Arizona	Court of Appeals of Arizona	t	1965-01-01		
arizsuper	ST	Arizona Superior Court	Arizona Superior Court	f			
ariztaxct	SS	Arizona Tax Court	Arizona Tax Court	t			
ark	S	Supreme Court of Arkansas	Supreme Court of Arkansas	t	1841-01-01		
arkag	SAG	Arkansas Attorney General Reports	Arkansas Attorney General Reports	t			
arkctapp	SA	Court of Appeals of Arkansas	Court of Appeals of Arkansas	t	1979-08-08		
arkworkcompcom	SS	Arkansas Workers' Compensation Commission	Arkansas Workers' Compensation Commission	t			
armfor	MA	Court of Appeals for the Armed Forces	Court of Appeals for the Armed Forces	t	1951-05-31		
arwb	FB	United States Bankruptcy Court, W.D. Arkansas	W.D. Arkansas	t			
arwd	FD	District Court, W.D. Arkansas	W.D. Arkansas	t			usdistct
asbca	FS	Armed Services Board of Contract Appeals	Armed Services Board of Contract Appeals	t			
azd	FD	District Court, D. Arizona	D. Arizona	t			usdistct
bap1	FBP	Bankruptcy Appellate Panel of the First Circuit	First Circuit	t			
bap10	FBP	Bankruptcy Appellate Panel of the Tenth Circuit	Tenth Circuit	t			
bap2	FBP	Bankruptcy Appellate Panel of the Second Circuit	Second Circuit	t			
bap6	FBP	Bankruptcy Appellate Panel of the Sixth Circuit	Sixth Circuit	t			
bap8	FBP	United States Bankruptcy Appellate Panel for the Eighth Circuit	Eighth Circuit	t			
bap9	FBP	United States Bankruptcy Appellate Panel for the Ninth Circuit	Ninth Circuit	t			
bapma	FBP	Bankruptcy Appellate Panel of Massachusetts	Massachusetts	t			
bapme	FBP	Bankruptcy Appellate Panel, D. Maine	D. Maine	t			
bia	FS	Board of Immigration Appeals	Board of Immigration Appeals	t			
bpai	FS	Board of Patent Appeals and Interferences	Board of Patent Appeals and Interferences	f		2012-09-15	
bta	FS	United States Board of Tax Appeals	Board of Tax Appeals	t	1924-01-01	1942-12-31	
bva	FS	Board of Veterans' Appeals	Board of Veterans' Appeals	t			
ca1	F	Court of Appeals for the First Circuit	First Circuit	t	1891-03-03		
ca10	F	Court of Appeals for the Tenth Circuit	Tenth Circuit	t	1929-02-28		
ca11	F	Court of Appeals for the Eleventh Circuit	Eleventh Circuit	t	1980-10-14		
ca2	F	Court of Appeals for the Second Circuit	Second Circuit	t	1891-03-03		
ca3	F	Court of Appeals for the Third Circuit	Third Circuit	t	1891-03-03		
ca4	F	Court of Appeals for the Fourth Circuit	Fourth Circuit	t	1891-03-03		
ca5	F	Court of Appeals for the Fifth Circuit	Fifth Circuit	t	1891-03-03		
ca6	F	Court of Appeals for the Sixth Circuit	Sixth Circuit	t	1891-03-03		
ca7	F	Court of Appeals for the Seventh Circuit	Seventh Circuit	t	1891-03-03		
ca8	F	Court of Appeals for the Eighth Circuit	Eighth Circuit	t	1891-03-03		
ca9	F	Court of Appeals for the Ninth Circuit	Ninth Circuit	t	1891-03-03		
caca	F	Circuit Court for California	California Circuit	f	1804-10-01	1812-04-30	uscirct
cacb	FB	United States Bankruptcy Court, C.D. California	C.D. California	t			
cacd	FD	District Court, C.D. California	C.D. California	t			usdistct
cadc	F	Court of Appeals for the D.C. Circuit	D.C. Circuit	t	1893-02-09		
caeb	FB	United States Bankruptcy Court, E.D. California	E.D. California	t			
caed	FD	District Court, E.D. California	E.D. California	t			usdistct
cafc	F	Court of Appeals for the Federal Circuit	Federal Circuit	t	1982-04-02		
cal	S	California Supreme Court	California Supreme Court	t	1849-01-01		
calag	SAG	California Attorney General Reports	California Attorney General Reports	t			
calappdeptsuper	SA	Appellate Division of the Superior Court of California	Appellate Division of the Superior Court of California	t			
calctapp	SA	California Court of Appeal	California Court of Appeal	t	1905-04-10		
calctapp1d	SA	California Court of Appeal, 1st District	California Court of Appeals, 1st District	f			calctapp
calctapp2d	SA	California Court of Appeal, 2nd District	California Court of Appeals, 2nd District	f			calctapp
calctapp3d	SA	California Court of Appeal, 3rd District	California Court of Appeals, 3rd District	f			calctapp
calctapp4d	SA	California Court of Appeal, 4th District	California Court of Appeals, 4th District	f			calctapp
calctapp5d	SA	California Court of Appeal, 5th District	California Court of Appeals, 5th District	f			calctapp
calctapp6d	SA	California Court of Appeal, 6th District	California Court of Appeals, 6th District	f			calctapp
caldistct	ST	California District Court	Cal. District Court	f	1849-01-01	1879-12-31	
californiad	FD	District Court, D. California	D. California	t	1866-07-27	1886-08-05	usdistct
caljp	C	State of California Commission On Judicial Performance	State of California Commission On Judicial Performance	f			
caljustct	ST	Califonia Justice Court	Califonia Justice Court	f			
caljustctbut	ST	California Justice Court, Butte County	California Justice Court, Butte County	f		2001-01-01	caljustct
caljustctcol	ST	California Justice Court, Colusa County	California Justice Court, Colusa County	f		2001-01-01	caljustct
caljustctfre	ST	California Justice Court, Fresno County	California Justice Court, Fresno County	f		2001-01-01	caljustct
caljustctgle	ST	California Justice Court, Glenn County	California Justice Court, Glenn County	f		2001-01-01	caljustct
caljustcthum	ST	California Justice Court, Humboldt County	California Justice Court, Humboldt County	f		2001-01-01	caljustct
caljustctker	ST	California Justice Court, Kern County	California Justice Court, Kern County	f		2001-01-01	caljustct
caljustctkin	ST	California Justice Court, Kings County	California Justice Court, Kings County	f		2001-01-01	caljustct
caljustctla	ST	California Justice Court, Los Angeles County	California Justice Court, Los Angeles County	f		2001-01-01	caljustct
caljustctlak	ST	California Justice Court, Lake County	California Justice Court, Lake County	f		2001-01-01	caljustct
caljustctmad	ST	California Justice Court, Madera County	California Justice Court, Madera County	f		2001-01-01	caljustct
caljustctmen	ST	California Justice Court, Mendocino County	California Justice Court, Mendocino County	f		2001-01-01	caljustct
caljustctmno	ST	California Justice Court, Mono County	California Justice Court, Mono County	f		2001-01-01	caljustct
caljustctmpa	ST	California Justice Court, Mariposa County	California Justice Court, Mariposa County	f		2001-01-01	caljustct
caljustctnev	ST	California Justice Court, Nevada County	California Justice Court, Nevada County	f		2001-01-01	caljustct
caljustctpla	ST	California Justice Court, Placer County	California Justice Court, Placer County	f		2001-01-01	caljustct
caljustctplu	ST	California Justice Court, Plumas County	California Justice Court, Plumas County	f		2001-01-01	caljustct
caljustctsbd	ST	California Justice Court, San Bernardino County	California Justice Court, San Bernardino County	f		2001-01-01	caljustct
caljustctsbt	ST	California Justice Court, San Benito County	California Justice Court, San Benito County	f		2001-01-01	caljustct
caljustctsis	ST	California Justice Court, Siskiyou County	California Justice Court, Siskiyou County	f		2001-01-01	caljustct
caljustcttul	ST	California Justice Court, Tulare County	California Justice Court, Tulare County	f		2001-01-01	caljustct
caljustcttuo	ST	California Justice Court, Tuolumne County	California Justice Court, Tuolumne County	f		2001-01-01	caljustct
calmunct	ST	Municipal Court of California	Municipal Court of California	f			
calmunctala	ST	Municipal Court of California, County of Alameda	California Municipal Court, Alameda County	f		2001-01-01	calmunct
calmunctalp	ST	Municipal Court of California, County of Alpine	California Municipal Court, Alpine County	f		2001-01-01	calmunct
calmunctama	ST	Municipal Court of California, County of Amador	California Municipal Court, Amador County	f		2001-01-01	calmunct
calmunctbut	ST	Municipal Court of California, County of Butte	California Municipal Court, Butte County	f		2001-01-01	calmunct
calmunctcal	ST	Municipal Court of California, County of Calaveras	California Municipal Court, Calaveras County	f		2001-01-01	calmunct
calmunctcc	ST	Municipal Court of California, County of Contra Costa	California Municipal Court, Contra Costa County	f		2001-01-01	calmunct
calmunctcol	ST	Municipal Court of California, County of Colusa	California Municipal Court, Colusa County	f		2001-01-01	calmunct
calmunctdn	ST	Municipal Court of California, County of Del Norte	California Municipal Court, Del Norte County	f		2001-01-01	calmunct
calmuncted	ST	Municipal Court of California, County of El Dorado	California Municipal Court, El Dorado County	f		2001-01-01	calmunct
calmunctfre	ST	Municipal Court of California, County of Fresno	California Municipal Court, Fresno County	f		2001-01-01	calmunct
calmunctgle	ST	Municipal Court of California, County of Glenn	California Municipal Court, Glenn County	f		2001-01-01	calmunct
calmuncthum	ST	Municipal Court of California, County of Humboldt	California Municipal Court, Humboldt County	f		2001-01-01	calmunct
calmunctimp	ST	Municipal Court of California, County of Imperial	California Municipal Court, Imperial County	f		2001-01-01	calmunct
calmunctiny	ST	Municipal Court of California, County of Inyo	California Municipal Court, Inyo County	f		2001-01-01	calmunct
calmunctker	ST	Municipal Court of California, County of Kern	California Municipal Court, Kern County	f		2001-01-01	calmunct
calmunctkin	ST	Municipal Court of California, County of Kings	California Municipal Court, Kings County	f		2001-01-01	calmunct
calmunctla	ST	Municipal Court of California, County of Los Angeles	California Municipal Court, Los Angeles County	f		2001-01-01	calmunct
calmunctlak	ST	Municipal Court of California, County of Lake	California Municipal Court, Lake County	f		2001-01-01	calmunct
calmunctlas	ST	Municipal Court of California, County of Lassen	California Municipal Court, Lassen County	f		2001-01-01	calmunct
calmunctmad	ST	Municipal Court of California, County of Madera	California Municipal Court, Madera County	f		2001-01-01	calmunct
calmunctmen	ST	Municipal Court of California, County of Mendocino	California Municipal Court, Mendocino County	f		2001-01-01	calmunct
calmunctmer	ST	Municipal Court of California, County of Merced	California Municipal Court, Merced County	f		2001-01-01	calmunct
calmunctmno	ST	Municipal Court of California, County of Mono	California Municipal Court, Mono County	f		2001-01-01	calmunct
calmunctmod	ST	Municipal Court of California, County of Modoc	California Municipal Court, Modoc County	f		2001-01-01	calmunct
calmunctmon	ST	Municipal Court of California, County of Monterey	California Municipal Court, Monterey County	f		2001-01-01	calmunct
calmunctmpa	ST	Municipal Court of California, County of Mariposa	California Municipal Court, Mariposa County	f		2001-01-01	calmunct
calmunctmrn	ST	Municipal Court of California, County of Marin	California Municipal Court, Marin County	f		2001-01-01	calmunct
calmunctnap	ST	Municipal Court of California, County of Napa	California Municipal Court, Napa County	f		2001-01-01	calmunct
calmunctnev	ST	Municipal Court of California, County of Nevada	California Municipal Court, Nevada County	f		2001-01-01	calmunct
calmunctora	ST	Municipal Court of California, County of Orange	California Municipal Court, Orange County	f		2001-01-01	calmunct
calmunctpla	ST	Municipal Court of California, County of Placer	California Municipal Court, Placer County	f		2001-01-01	calmunct
calmunctplu	ST	Municipal Court of California, County of Plumas	California Municipal Court, Plumas County	f		2001-01-01	calmunct
calmunctriv	ST	Municipal Court of California, County of Riverside	California Municipal Court, Riverside County	f		2001-01-01	calmunct
calmunctsac	ST	Municipal Court of California, County of Sacramento	California Municipal Court, Sacramento County	f		2001-01-01	calmunct
calmunctsb	ST	Municipal Court of California, County of Santa Barbara	California Municipal Court, Santa Barbara County	f		2001-01-01	calmunct
calmunctsbd	ST	Municipal Court of California, County of San Bernardino	California Municipal Court, San Bernardino County	f		2001-01-01	calmunct
calmunctsbt	ST	Municipal Court of California, County of San Benito	California Municipal Court, San Benito County	f		2001-01-01	calmunct
calmunctscl	ST	Municipal Court of California, County of Santa Clara	California Municipal Court, Santa Clara County	f		2001-01-01	calmunct
calmunctscr	ST	Municipal Court of California, County of Santa Cruz	California Municipal Court, Santa Cruz County	f		2001-01-01	calmunct
calmunctsd	ST	Municipal Court of California, County of San Diego	California Municipal Court, San Diego County	f		2001-01-01	calmunct
calmunctsf	ST	Municipal Court of California, County of San Francisco	California Municipal Court, San Francisco County	f		2001-01-01	calmunct
calmunctsha	ST	Municipal Court of California, County of Shasta	California Municipal Court, Shasta County	f		2001-01-01	calmunct
calmunctsie	ST	Municipal Court of California, County of Sierra	California Municipal Court, Sierra County	f		2001-01-01	calmunct
calmunctsis	ST	Municipal Court of California, County of Siskiyou	California Municipal Court, Siskiyou County	f		2001-01-01	calmunct
calmunctsj	ST	Municipal Court of California, County of San Joaquin	California Municipal Court, San Joaquin County	f		2001-01-01	calmunct
calmunctslo	ST	Municipal Court of California, County of San Luis Obispo	California Municipal Court, San Luis Obispo County	f		2001-01-01	calmunct
calmunctsm	ST	Municipal Court of California, County of San Mateo	California Municipal Court, San Mateo County	f		2001-01-01	calmunct
calmunctsol	ST	Municipal Court of California, County of Solano	California Municipal Court, Solano County	f		2001-01-01	calmunct
calmunctson	ST	Municipal Court of California, County of Sonoma	California Municipal Court, Sonoma County	f		2001-01-01	calmunct
calmunctsta	ST	Municipal Court of California, County of Stanislaus	California Municipal Court, Stanislaus County	f		2001-01-01	calmunct
calmunctsut	ST	Municipal Court of California, County of Sutter	California Municipal Court, Sutter County	f		2001-01-01	calmunct
calmunctteh	ST	Municipal Court of California, County of Tehama	California Municipal Court, Tehama County	f		2001-01-01	calmunct
calmuncttri	ST	Municipal Court of California, County of Trinity	California Municipal Court, Trinity County	f		2001-01-01	calmunct
calmuncttul	ST	Municipal Court of California, County of Tulare	California Municipal Court, Tulare County	f		2001-01-01	calmunct
calmuncttuo	ST	Municipal Court of California, County of Tuolumne	California Municipal Court, Tuolumne County	f		2001-01-01	calmunct
calmunctven	ST	Municipal Court of California, County of Ventura	California Municipal Court, Ventura County	f		2001-01-01	calmunct
calmunctyol	ST	Municipal Court of California, County of Yolo	California Municipal Court, Yolo County	f		2001-01-01	calmunct
calmunctyub	ST	Municipal Court of California, County of Yuba	California Municipal Court, Yuba County	f		2001-01-01	calmunct
calofcadmhrg	SS	California Office of Administrative Hearings	Cal. Ofc. of Admin. Hrg.	f			
calsuperct	ST	California Superior Court	California Superior Court	f			
calsuppctala	ST	Superior Court of California, County of Alameda	California Superior Court, Alameda County	f			calsuperct
calsuppctalp	ST	Superior Court of California, County of Alpine	California Superior Court, Alpine County	f			calsuperct
calsuppctama	ST	Superior Court of California, County of Amador	California Superior Court, Amador County	f			calsuperct
calsuppctbut	ST	Superior Court of California, County of Butte	California Superior Court, Butte County	f			calsuperct
calsuppctcal	ST	Superior Court of California, County of Calaveras	California Superior Court, Calaveras County	f			calsuperct
calsuppctcc	ST	Superior Court of California, County of Contra Costa	California Superior Court, Contra Costa County	f			calsuperct
calsuppctcol	ST	Superior Court of California, County of Colusa	California Superior Court, Colusa County	f			calsuperct
calsuppctdn	ST	Superior Court of California, County of Del Norte	California Superior Court, Del Norte County	f			calsuperct
calsuppcted	ST	Superior Court of California, County of El Dorado	California Superior Court, El Dorado County	f			calsuperct
calsuppctfre	ST	Superior Court of California, County of Fresno	California Superior Court, Fresno County	f			calsuperct
calsuppctgle	ST	Superior Court of California, County of Glenn	California Superior Court, Glenn County	f			calsuperct
calsuppcthum	ST	Superior Court of California, County of Humboldt	California Superior Court, Humboldt County	f			calsuperct
calsuppctimp	ST	Superior Court of California, County of Imperial	California Superior Court, Imperial County	f			calsuperct
calsuppctiny	ST	Superior Court of California, County of Inyo	California Superior Court, Inyo County	f			calsuperct
calsuppctker	ST	Superior Court of California, County of Kern	California Superior Court, Kern County	f			calsuperct
calsuppctkin	ST	Superior Court of California, County of Kings	California Superior Court, Kings County	f			calsuperct
calsuppctla	ST	Superior Court of California, County of Los Angeles	California Superior Court, Los Angeles County	f			calsuperct
calsuppctlak	ST	Superior Court of California, County of Lake	California Superior Court, Lake County	f			calsuperct
calsuppctlas	ST	Superior Court of California, County of Lassen	California Superior Court, Lassen County	f			calsuperct
calsuppctmad	ST	Superior Court of California, County of Madera	California Superior Court, Madera County	f			calsuperct
calsuppctmen	ST	Superior Court of California, County of Mendocino	California Superior Court, Mendocino County	f			calsuperct
calsuppctmer	ST	Superior Court of California, County of Merced	California Superior Court, Merced County	f			calsuperct
calsuppctmno	ST	Superior Court of California, County of Mono	California Superior Court, Mono County	f			calsuperct
calsuppctmod	ST	Superior Court of California, County of Modoc	California Superior Court, Modoc County	f			calsuperct
calsuppctmon	ST	Superior Court of California, County of Monterey	California Superior Court, Monterey County	f			calsuperct
calsuppctmpa	ST	Superior Court of California, County of Mariposa	California Superior Court, Mariposa County	f			calsuperct
calsuppctmrn	ST	Superior Court of California, County of Marin	California Superior Court, Marin County	f			calsuperct
calsuppctnap	ST	Superior Court of California, County of Napa	California Superior Court, Napa County	f			calsuperct
calsuppctnev	ST	Superior Court of California, County of Nevada	California Superior Court, Nevada County	f			calsuperct
calsuppctora	ST	Superior Court of California, County of Orange	California Superior Court, Orange County	f			calsuperct
calsuppctpla	ST	Superior Court of California, County of Placer	California Superior Court, Placer County	f			calsuperct
calsuppctplu	ST	Superior Court of California, County of Plumas	California Superior Court, Plumas County	f			calsuperct
calsuppctriv	ST	Superior Court of California, County of Riverside	California Superior Court, Riverside County	f			calsuperct
calsuppctsac	ST	Superior Court of California, County of Sacramento	California Superior Court, Sacramento County	f			calsuperct
calsuppctsb	ST	Superior Court of California, County of Santa Barbara	California Superior Court, Santa Barbara County	f			calsuperct
calsuppctsbd	ST	Superior Court of California, County of San Bernardino	California Superior Court, San Bernardino County	f			calsuperct
calsuppctsbt	ST	Superior Court of California, County of San Benito	California Superior Court, San Benito County	f			calsuperct
calsuppctscl	ST	Superior Court of California, County of Santa Clara	California Superior Court, Santa Clara County	f			calsuperct
calsuppctscr	ST	Superior Court of California, County of Santa Cruz	California Superior Court, Santa Cruz County	f			calsuperct
calsuppctsd	ST	Superior Court of California, County of San Diego	California Superior Court, San Diego County	f			calsuperct
calsuppctsf	ST	Superior Court of California, County of San Francisco	California Superior Court, San Francisco County	f			calsuperct
calsuppctsha	ST	Superior Court of California, County of Shasta	California Superior Court, Shasta County	f			calsuperct
calsuppctsie	ST	Superior Court of California, County of Sierra	California Superior Court, Sierra County	f			calsuperct
calsuppctsis	ST	Superior Court of California, County of Siskiyou	California Superior Court, Siskiyou County	f			calsuperct
calsuppctsj	ST	Superior Court of California, County of San Joaquin	California Superior Court, San Joaquin County	f			calsuperct
calsuppctslo	ST	Superior Court of California, County of San Luis Obispo	California Superior Court, San Luis Obispo County	f			calsuperct
calsuppctsm	ST	Superior Court of California, County of San Mateo	California Superior Court, San Mateo County	f			calsuperct
calsuppctsol	ST	Superior Court of California, County of Solano	California Superior Court, Solano County	f			calsuperct
calsuppctson	ST	Superior Court of California, County of Sonoma	California Superior Court, Sonoma County	f			calsuperct
calsuppctsta	ST	Superior Court of California, County of Stanislaus	California Superior Court, Stanislaus County	f			calsuperct
calsuppctsut	ST	Superior Court of California, County of Sutter	California Superior Court, Sutter County	f			calsuperct
calsuppctteh	ST	Superior Court of California, County of Tehama	California Superior Court, Tehama County	f			calsuperct
calsuppcttri	ST	Superior Court of California, County of Trinity	California Superior Court, Trinity County	f			calsuperct
calsuppcttul	ST	Superior Court of California, County of Tulare	California Superior Court, Tulare County	f			calsuperct
calsuppcttuo	ST	Superior Court of California, County of Tuolumne	California Superior Court, Tuolumne County	f			calsuperct
calsuppctven	ST	Superior Court of California, County of Ventura	California Superior Court, Ventura County	f			calsuperct
calsuppctyol	ST	Superior Court of California, County of Yolo	California Superior Court, Yolo County	f			calsuperct
calsuppctyub	ST	Superior Court of California, County of Yuba	California Superior Court, Yuba County	f			calsuperct
caluneinsappbd	SS	California Unemployment Insurance Appeals Board	Cal. Unemp. Ins. App. Bd.	f			
canalzoned	FD	District Court, Canal Zone	District Court, Canal Zone	t	1937-07-26	1982-03-31	usdistct
canb	FB	United States Bankruptcy Court, N.D. California	N.D. California	t			
cand	FD	District Court, N.D. California	N.D. California	t			usdistct
casb	FB	United States Bankruptcy Court, S.D. California	S.D. California	t			
casd	FD	District Court, S.D. California	S.D. California	t			usdistct
cavc	FS	United States Court of Appeals for Veterans Claims	Veterans Claims	t			
cc	FS	United States Court of Claims	Court of Claims	t	1855-02-24	1992-10-29	
ccpa	FS	Court of Customs and Patent Appeals	Customs and Patent Appeals	t	1909-08-05	1982-04-02	
cgcomilrev	MA	U S Coast Guard Court of Military Review	U S Coast Guard Court of Military Review	t			
cherokee	TRS	Cherokee Nation Supreme Court	Cherokee Nation Supreme Court	t			
cherokeeapp	TRA	Cherokee Nation Judicial Appeals Tribunal	Cherokee Nation Judicial Appeals Tribunal	t			
cherokeetribct	TRT	Cherokee Indian Tribal Court	Cherokee Indian Trib. Ct.	t			
cheyrsiouxctapp	TRA	Cheyenne River Sioux Tribal Court of Appeals	Cheyenne River Sioux Tribal Court of Appeals	t			
circtcapefearnc	F	U.S. Circuit Court District of Cape Fear (North Carolina)	U.S. Circuit Court District of Cape Fear (North Carolina)	f	1801-01-01	1872-12-31	uscirct
circtdal	F	U.S. Circuit Court for the District of Alabama	U.S. Circuit Court for the District of Alabama	f	1873-01-01	1874-12-31	uscirct
circtdalb	F	U.S. Circuit Court District of Albemarle (North Carolina)	U.S. Circuit Court District of Albemarle (North Carolina)	f	1801-01-01	1872-12-31	uscirct
circtdalbanyny	F	U.S. Circuit Court for the District of Albany New York	U.S. Circuit Court for the District of Albany New York	f	1801-01-01	1802-12-31	uscirct
circtdar	F	U.S. Circuit Court for the District of Arkansas	U.S. Circuit Court for the District of Arkansas	f	1837-01-01	1851-12-31	uscirct
circtdca	F	U.S. Circuit Court for the District of California	U.S. Circuit Court for the District of California	f	1855-01-01	1863-12-31	uscirct
circtdco	F	U.S. Circuit Court for the District of Colorado	U.S. Circuit Court for the District of Colorado	f	1876-01-01	1911-12-31	uscirct
circtdct	F	U.S. Circuit Court for the District of Connecticut	U.S. Circuit Court for the District of Connecticut	f	1789-01-01	1911-12-31	uscirct
circtddc	F	U.S. Circuit Court for the District of District of Columbia	U.S. Circuit Court for the District of District of Columbia	f	1801-01-01	1911-12-31	uscirct
circtdedenton	F	U.S. Circuit Court District of Edenton (North Carolina)	U.S. Circuit Court District of Edenton (North Carolina)	f	1794-01-01	1797-12-31	uscirct
circtdel	F	U.S. Circuit Court for the District of Delaware	Circuit Court of Delaware	f	1789-09-24	1912-01-01	uscirct
circtdga	F	U.S. Circuit Court for the District of Georgia	U.S. Circuit Court for the District of Georgia	f	1789-01-01	1848-12-31	uscirct
circtdia	F	U.S. Circuit Court for the District of Iowa	U.S. Circuit Court for the District of Iowa	f	1862-01-01	1882-12-31	uscirct
circtdid	F	U.S. Circuit Court for the District of Idaho	U.S. Circuit Court for the District of Idaho	f	1890-01-01	1911-12-31	uscirct
circtdil	F	U.S. Circuit Court for the District of Illinois	U.S. Circuit Court for the District of Illinois	f	1837-01-01	1855-12-31	uscirct
circtdin	F	U.S. Circuit Court for the District of Indiana	U.S. Circuit Court for the District of Indiana	f	1837-01-01	1911-12-31	uscirct
circtdks	F	U.S. Circuit Court for the District of Kansas	U.S. Circuit Court for the District of Kansas	f	1862-01-01	1911-12-31	uscirct
circtdky	F	U.S. Circuit Court for the District of Kentucky	U.S. Circuit Court for the District of Kentucky	f	1807-01-01	1901-12-31	uscirct
circtdla	F	U.S. Circuit Court for the District of Louisiana	U.S. Circuit Court for the District of Louisiana	f	1845-01-01	1849-12-31	uscirct
circtdma	F	U.S. Circuit Court for the District of Massachusetts	U.S. Circuit Court for the District of Massachusetts	f	1789-01-01	1911-12-31	uscirct
circtdmd	F	U.S. Circuit Court for the District of Maryland	U.S. Circuit Court for the District of Maryland	f	1789-01-01	1911-12-31	uscirct
circtdme	F	U.S. Circuit Court for the District of Maine	U.S. Circuit Court for the District of Maine	f	1820-01-01	1911-12-31	uscirct
circtdmi	F	U.S. Circuit Court for the District of Michigan	U.S. Circuit Court for the District of Michigan	f	1837-01-01	1862-12-31	uscirct
circtdmn	F	U.S. Circuit Court for the District of Minnesota	U.S. Circuit Court for the District of Minnesota	f	1862-01-01	1911-12-31	uscirct
circtdmo	F	U.S. Circuit Court for the District of Missouri	U.S. Circuit Court for the District of Missouri	f	1837-01-01	1872-12-31	uscirct
circtdms	F	U.S. Circuit Court for the District of Mississippi	U.S. Circuit Court for the District of Mississippi	f			uscirct
circtdmt	F	U.S. Circuit Court for the District of Montana	U.S. Circuit Court for the District of Montana	f	1889-01-01	1911-12-31	uscirct
circtdnd	F	U.S. Circuit Court for the District of North Dakota	U.S. Circuit Court for the District of North Dakota	f	1889-01-01	1911-12-31	uscirct
circtdne	F	U.S. Circuit Court for the District of Nebraska	U.S. Circuit Court for the District of Nebraska	f	1867-01-01	1911-12-31	uscirct
circtdnewbern	F	U.S. Circuit Court District of New Bern (North Carolina)	U.S. Circuit Court District of New Bern (North Carolina)	f	1794-01-01	1797-12-31	uscirct
circtdnh	F	U.S. Circuit Court for the District of New Hampshire	U.S. Circuit Court for the District of New Hampshire	f	1789-01-01	1911-12-31	uscirct
circtdnj	F	U.S. Circuit Court for the District of New Jersey	U.S. Circuit Court for the District of New Jersey	f	1789-01-01	1911-12-31	uscirct
circtdnv	F	U.S. Circuit Court for the District of Nevada	U.S. Circuit Court for the District of Nevada	f	1865-01-01	1911-12-31	uscirct
circtdoh	F	U.S. Circuit Court for the District of Ohio	U.S. Circuit Court for the District of Ohio	f	1801-01-01	1855-12-31	uscirct
circtdor	F	U.S. Circuit Court for the District of Oregon	U.S. Circuit Court for the District of Oregon	f	1863-01-01	1911-12-31	uscirct
circtdpa	F	U.S. Circuit Court for the District of Pennsylvania	U.S. Circuit Court for the District of Pennsylvania	f	1789-01-01	1818-12-31	uscirct
circtdpamptico	F	U.S. Circuit Court District of Pamptico (North Carolina)	U.S. Circuit Court District of Pamptico (North Carolina)	f	1801-01-01	1872-12-31	uscirct
circtdri	F	U.S. Circuit Court for the District of Rhode Island	U.S. Circuit Court for the District of Rhode Island	f	1790-01-01	1911-12-31	uscirct
circtdsc	F	U.S. Circuit Court for the District of South Carolina	U.S. Circuit Court for the District of South Carolina	f	1789-01-01	1911-12-31	uscirct
circtdsd	F	U.S. Circuit Court for the District of South Dakota	U.S. Circuit Court for the District of South Dakota	f	1889-01-01	1911-12-31	uscirct
circtdterrar	F	U.S. Circuit Court for the District of Territory of Arkansas	U.S. Circuit Court for the District of Territory of Arkansas	f	1819-01-01	1836-12-31	uscirct
circtdtx	F	U.S. Circuit Court for the District of Texas	U.S. Circuit Court for the District of Texas	f	1845-12-29	1857-02-21	uscirct
circtdut	F	U.S. Circuit Court for the District of Utah	U.S. Circuit Court for the District of Utah	f	1894-01-01	1911-12-31	uscirct
circtdva	F	U.S. Circuit Court for the District of Virginia	U.S. Circuit Court for the District of Virginia	f	1789-01-01	1819-12-31	uscirct
circtdvt	F	U.S. Circuit Court for the District of Vermont	U.S. Circuit Court for the District of Vermont	f	1791-01-01	1911-12-31	uscirct
circtdwa	F	U.S. Circuit Court for the District of Washington	U.S. Circuit Court for the District of Washington	f	1889-01-01	1905-12-31	uscirct
circtdwi	F	U.S. Circuit Court for the District of Wisconsin	U.S. Circuit Court for the District of Wisconsin	f	1862-01-01	1870-12-31	uscirct
circtdwilm	F	U.S. Circuit Court District of Wilmington (North Carolina)	U.S. Circuit Court District of Wilmington (North Carolina)	f	1794-01-01	1797-12-31	uscirct
circtdwv	F	U.S. Circuit Court for the District of West Virginia	U.S. Circuit Court for the District of West Virginia	f	1864-01-01	1901-12-31	uscirct
circtdwy	F	U.S. Circuit Court for the District of Wyoming	U.S. Circuit Court for the District of Wyoming	f	1890-01-01	1911-12-31	uscirct
circtedar	F	U.S. Circuit Court for the District of Eastern Arkansas	U.S. Circuit Court for the District of Eastern Arkansas	f	1851-01-01	1911-12-31	uscirct
circtedil	F	U.S. Circuit Court for the Eastern District of Illinois	U.S. Circuit Court for the Eastern District of Illinois	f	1905-01-01	1911-12-31	uscirct
circtedky	F	U.S. Circuit Court for the District of Eastern Kentucky	U.S. Circuit Court for the District of Eastern Kentucky	f	1901-01-01	1911-12-31	uscirct
circtedla	F	U.S. Circuit Court for the District of Eastern Louisiana	U.S. Circuit Court for the District of Eastern Louisiana	f	1837-01-01	1911-12-31	uscirct
circtedmi	F	U.S. Circuit Court for the District of Eastern Michigan	U.S. Circuit Court for the District of Eastern Michigan	f	1863-01-01	1911-12-31	uscirct
circtedmo	F	U.S. Circuit Court for the District of Eastern Missouri	U.S. Circuit Court for the District of Eastern Missouri	f	1857-01-01	1911-12-31	uscirct
circtednc	F	U.S. Circuit Court for the District of Eastern North Carolina	U.S. Circuit Court for the District of Eastern North Carolina	f	1872-01-01	1911-12-31	uscirct
circtedny	F	U.S. Circuit Court for the District of Eastern New York	U.S. Circuit Court for the District of Eastern New York	f	1865-01-01	1911-12-31	uscirct
circtedok	F	U.S. Circuit Court for the District of Eastern Oklahoma	U.S. Circuit Court for the District of Eastern Oklahoma	f	1906-01-01	1911-12-31	uscirct
circtedpa	F	U.S. Circuit Court for the District of Eastern Pennsylvania	U.S. Circuit Court for the District of Eastern Pennsylvania	f	1818-01-01	1911-12-31	uscirct
circtedsc	F	United States Circuit Court for the Eastern District of South Carolina	United States Circuit Court for the Eastern District of South Carolina	f			uscirct
circtedtn	F	U.S. Circuit Court for the District of Eastern Tennessee	U.S. Circuit Court for the District of Eastern Tennessee	f	1808-01-01	1911-12-31	uscirct
circtedtx	F	U.S. Circuit Court for the District of Eastern Texas	U.S. Circuit Court for the District of Eastern Texas	f	1862-01-01	1911-12-31	uscirct
circtedva	F	U.S. Circuit Court for the District of Eastern Virginia	U.S. Circuit Court for the District of Eastern Virginia	f	1819-01-01	1911-12-31	uscirct
circtedwa	F	U.S. Circuit Court for the District of Eastern Washington	U.S. Circuit Court for the District of Eastern Washington	f	1905-01-01	1911-12-31	uscirct
circtedwi	F	U.S. Circuit Court for the District of Eastern Wisconsin	U.S. Circuit Court for the District of Eastern Wisconsin	f	1870-01-01	1911-12-31	uscirct
circtmdal	F	U.S. Circuit Court for the District of Middle Alabama	U.S. Circuit Court for the District of Middle Alabama	f	1839-01-01	1911-12-31	uscirct
circtmdpa	F	U.S. Circuit Court for the District of Middle Pennsylvania	U.S. Circuit Court for the District of Middle Pennsylvania	f	1901-01-01	1911-12-31	uscirct
circtmdtn	F	U.S. Circuit Court for the District of Middle Tennessee	U.S. Circuit Court for the District of Middle Tennessee	f	1839-01-01	1911-12-31	uscirct
circtmissterr	F	U.S. Circuit Court for the Mississippi Territory	U.S. Circuit Court for the Mississippi Territory	f			uscirct
circtnc	F	U.S. Circuit Court for the District of North Carolina	Circuit Court of North Carolina	f	1790-06-04	1912-01-01	uscirct
circtndal	F	U.S. Circuit Court for the District of Northern Alabama	U.S. Circuit Court for the District of Northern Alabama	f	1837-01-01	1911-12-31	uscirct
circtndca	F	U.S. Circuit Court for the District of Northern California	U.S. Circuit Court for the District of Northern California	f	1863-01-01	1911-12-31	uscirct
circtndfl	F	United States Circuit Court for the Northern District of Florida	United States Circuit Court for the Northern District of Florida	f			uscirct
circtndga	F	U.S. Circuit Court for the Northern District of Georgia	U.S. Circuit Court for the Northern District of Georgia	f	1848-01-01	1911-12-31	uscirct
circtndil	F	U.S. Circuit Court for the Northern District of Illnois	U.S. Circuit Court for the Northern District of Illnois	f	1855-01-01	1911-12-31	uscirct
circtndms	F	U.S. Circuit Court for the District of Northern Mississippi	U.S. Circuit Court for the District of Northern Mississippi	f	1838-01-01	1911-12-31	uscirct
circtndny	F	U.S. Circuit Court for the District of Northern New York	U.S. Circuit Court for the District of Northern New York	f	1814-01-01	1911-12-31	uscirct
circtndoh	F	U.S. Circuit Court for the District of Northern Ohio	U.S. Circuit Court for the District of Northern Ohio	f	1855-01-01	1911-12-31	uscirct
circtndtx	F	U.S. Circuit Court for the District of Northern Texas	U.S. Circuit Court for the District of Northern Texas	f	1879-01-01	1911-12-31	uscirct
circtndwv	F	U.S. Circuit Court for the District of Northern West Virginia	U.S. Circuit Court for the District of Northern West Virginia	f	1901-01-01	1911-12-31	uscirct
circtnia	F	U.S. Circuit Court for the District of Northern Iowa	U.S. Circuit Court for the District of Northern Iowa	f	1882-01-01	1911-12-31	uscirct
circtny	F	U.S. Circuit Court for New York	U.S. Circuit Court for New York	f			uscirct
circtsdal	F	U.S. Circuit Court for the District of Southern Alabama	U.S. Circuit Court for the District of Southern Alabama	f	1837-01-01	1911-12-31	uscirct
circtsdca	F	U.S. Circuit Court for the District of Southern California	U.S. Circuit Court for the District of Southern California	f	1863-01-01	1911-12-31	uscirct
circtsdfl	F	United States Circuit Court for the Southern District of Florida	United States Circuit Court for the Southern District of Florida	f			uscirct
circtsdga	F	U.S. Circuit Court for the Southern District of Georgia	U.S. Circuit Court for the Southern District of Georgia	f	1848-01-01	1911-12-31	uscirct
circtsdia	F	U.S. Circuit Court for the Southern District of Iowa	U.S. Circuit Court for the Southern District of Iowa	f	1882-01-01	1911-12-31	uscirct
circtsdil	F	U.S. Circuit Court for the Southern District of Illnois	U.S. Circuit Court for the Southern District of Illnois	f	1855-01-01	1911-12-31	uscirct
circtsdms	F	U.S. Circuit Court for the District of Southern Mississippi	U.S. Circuit Court for the District of Southern Mississippi	f	1838-01-01	1911-12-31	uscirct
circtsdny	F	U.S. Circuit Court for the District of Southern New York	U.S. Circuit Court for the District of Southern New York	f	1814-01-01	1911-12-31	uscirct
circtsdoh	F	U.S. Circuit Court for the District of Southern Ohio	U.S. Circuit Court for the District of Southern Ohio	f	1855-01-01	1911-12-31	uscirct
circtsdtex	F	U.S. Circuit Court for the District of Southern Texas	U.S. Circuit Court for the District of Southern Texas	f	1902-01-01	1911-12-31	uscirct
circtsdwv	F	U.S. Circuit Court for the District of Southern West Virginia	U.S. Circuit Court for the District of Southern West Virginia	f	1901-01-01	1911-12-31	uscirct
circttenn	F	U.S. Circuit Court for the District of Tennessee	Circuit Court of Tennessee	f	1807-02-24	1912-01-01	uscirct
circtwdar	F	U.S. Circuit Court for the District of Western Arkansas	U.S. Circuit Court for the District of Western Arkansas	f	1851-01-01	1911-12-31	uscirct
circtwdky	F	U.S. Circuit Court for the District of Western Kentucky	U.S. Circuit Court for the District of Western Kentucky	f	1901-01-01	1911-12-31	uscirct
circtwdla	F	U.S. Circuit Court for the District of Western Louisiana	U.S. Circuit Court for the District of Western Louisiana	f	1837-01-01	1911-12-31	uscirct
circtwdmi	F	U.S. Circuit Court for the District of Western Michigan	U.S. Circuit Court for the District of Western Michigan	f	1863-01-01	1911-12-31	uscirct
circtwdmo	F	U.S. Circuit Court for the District of Western Missouri	U.S. Circuit Court for the District of Western Missouri	f	1857-01-01	1911-12-31	uscirct
circtwdnc	F	U.S. Circuit Court for the District of Western North Carolina	U.S. Circuit Court for the District of Western North Carolina	f	1872-01-01	1911-12-31	uscirct
circtwdny	F	U.S. Circuit Court for the District of Western New York	U.S. Circuit Court for the District of Western New York	f	1900-01-01	1911-12-31	uscirct
circtwdok	F	U.S. Circuit Court for the District of Western Oklahoma	U.S. Circuit Court for the District of Western Oklahoma	f	1906-01-01	1911-12-31	uscirct
circtwdpa	F	U.S. Circuit Court for the District of Western Pennsylvania	U.S. Circuit Court for the District of Western Pennsylvania	f	1818-01-01	1911-12-31	uscirct
circtwdtex	F	U.S. Circuit Court for the District of Western Texas	U.S. Circuit Court for the District of Western Texas	f	1862-01-01	1911-12-31	uscirct
circtwdtn	F	U.S. Circuit Court for the District of Western Tennessee	U.S. Circuit Court for the District of Western Tennessee	f	1808-01-01	1911-12-31	uscirct
circtwdva	F	U.S. Circuit Court for the District of Western Virginia	U.S. Circuit Court for the District of Western Virginia	f	1819-01-01	1911-12-31	uscirct
circtwdwa	F	U.S. Circuit Court for the District of Western Washington	U.S. Circuit Court for the District of Western Washington	f	1905-01-01	1911-12-31	uscirct
circtwdwi	F	U.S. Circuit Court for the District of Western Wisconsin	U.S. Circuit Court for the District of Western Wisconsin	f	1870-01-01	1911-12-31	uscirct
cit	FS	United States Court of International Trade	Court of International Trade	t			
cjdpa	SS	Court of Judicial Discipline of Pennsylvania	Judicial Discipline of Pennsylvania	t			
cma	MA	United States Court of Military Appeals	United States Court of Military Appeals	t			
cnmisuperct	TT	Northern Mariana Islands Commonwealth Superior Court	Northern Mariana Islands Commonwealth Superior Court	t			
cnmitrialct	TT	Northern Mariana Islands Commonwealth Trial Court	Northern Mariana Islands Commonwealth Trial Court	t			
cob	FB	United States Bankruptcy Court, D. Colorado	D. Colorado	t			
cod	FD	District Court, D. Colorado	D. Colorado	t			usdistct
colctyct	ST	Colorado County Court	Colorado County Court	f			
colctyctarapaho	ST	Arapahoe County District Court	Arapahoe County District Court	f			colctyct
colctyctbent	ST	Bent County District Court	Bent County District Court	f			colctyct
colctyctdouglas	ST	Douglas County District Court	Douglas County District Court	f			colctyct
colctyctfremont	ST	Fremont County District Court	Fremont County District Court	f			colctyct
colctyctgarfiel	ST	Garfield County District Court	Garfield County District Court	f			colctyct
colctyctlarimer	ST	Larimer County District Court	Larimer County District Court	f			colctyct
colctyctmeyer	ST	Meyer County District Court	Meyer County District Court	f			colctyct
colctyctotero	ST	Otero County District Court	Otero County District Court	f			colctyct
colctyctpitkin	ST	Pitkin County District Court	Pitkin County District Court	f			colctyct
colctyctpueblo	ST	Pueblo County District Court	Pueblo County District Court	f			colctyct
colctyctteller	ST	Teller County District Court	Teller County District Court	f			colctyct
colo	S	Supreme Court of Colorado	Supreme Court of Colorado	t	1876-08-01		
coloag	SAG	Colorado Attorney General Reports	Colorado Attorney General Reports	t			
coloctapp	SA	Colorado Court of Appeals	Colorado Court of Appeals	t	1970-01-01		
coloworkcompcom	SS	Colorado Industrial Claim Appeals Office	Colorado Industrial Claim Appeals Office	t			
colvctapp	TRA	Colville Confederated Court of Appeals	Colville Confederated Court of Appeals	t			
com	FS	Commerce Court	Commerce Court	t	1910-01-01	1913-01-01	
conn	S	Supreme Court of Connecticut	Supreme Court of Connecticut	t	1784-01-01		
connappct	SA	Connecticut Appellate Court	Connecticut Appellate Court	t	1983-10-04		
connsuperct	SA	Connecticut Superior Court	Connecticut Superior Court	t			
connworkcompcom	SS	Connecticut Compensation Review Board	Connecticut Compensation Review Board	t			
coquct	TRT	Coquille Indian Tribal Court	Coquille Indian Tribal Court	t			
coregsalina	SS	Salina Register and Receiver	Salina Register and Receiver	f			
cosuperct	ST	Coloardo Superior Court	Coloardo Superior Court	f			
cosuperctdenver	ST	Denver Superior Court	Denver Superior Court	f			cosuperct
ctappindterr	F	Court Of Appeals Of Indian Territory	Court Of Appeals Of Indian Territory	f	1889-01-01	1907-12-31	uscirct
ctb	FB	United States Bankruptcy Court, D. Connecticut	D. Connecticut	t			
ctchansc	ST	Court of Chancery of South Carolina	Court of Chancery of South Carolina	f			
ctd	FD	District Court, D. Connecticut	D. Connecticut	t			usdistct
cusc	FS	United States Customs Court	U.S. Customs Court	t	1926-01-01	1980-01-01	
dadectypropbd	SS	Dade County Property Appraisal Adjustment Board	Dade County Property Appraisal Adjustment Board	f			
dakotasup	S	Supreme Court Of The Territory Of Dakota	Supreme Court of Dakota	f	1861-01-01	1889-10-01	
dc	S	District of Columbia Court of Appeals	District of Columbia Court of Appeals	t			
dcb	FB	United States Bankruptcy Court, District of Columbia	District of Columbia	t			
dccrimct	ST	District of Columbia Criminal Court	District of Columbia Criminal Court	f			
dcd	FD	District Court, District of Columbia	District of Columbia	t			usdistct
dcorphanct	SS	District of Columbia Orphans' Court	District of Columbia Orphans' Court	f			
deb	FB	United States Bankruptcy Court, D. Delaware	D. Delaware	t			
ded	FD	District Court, D. Delaware	D. Delaware	t			usdistct
del	S	Supreme Court of Delaware	Supreme Court of Delaware	t	1832-01-01		
delch	SA	Court of Chancery of Delaware	Court of Chancery of Delaware	t			
delctcompl	SS	Delaware Court of Common Pleas	Delaware Court of Common Pleas	t			
delfamct	SS	Delaware Family Court	Delaware Family Court	t			
delgensess	ST	Court of General Sessions of The Peace And Jail Delivery of Delaware	Court of General Sessions of Delaware	f			
deljudct	SS	Court on the Judiciary of Delaware.	Court on the Judiciary of Delaware	t			
delorphct	SA	Orphan's Court of Delaware	Delaware Orphan's Court	t	1683-01-01	1970-12-31	
deloyerterm	ST	Delaware Court of Oyer and Terminer	Delaware Court of Oyer and Terminer	f	1831-01-01	1951-12-31	
delsuperct	SA	Superior Court of Delaware	Superior Court of Delaware	t			
deptinterior	FS	Department of Interior	Department of Interior	f			
eca	FS	Emergency Court of Appeals	Emergency Court of Appeals	t	1942-01-30	1962-04-18	
echerkokee	TRS	Eastern Band of Cherokee Indians Supreme Court	Eastern Band of Cherokee Indians Supreme Court	t			
echerokeect	TRT	Eastern Band of Cherokee Indians Tribal Court	Eastern Band of Cherokee Indians Tribal Court	t			
fcc	C	Decisions of the Federal Communications Commission	Decisions of the Federal Communications Commission	f			
fisc	FS	Foreign Intelligence Surveillance Court	Foreign Intelligence Surveillance Court	t	1978-10-25		
fiscr	FS	Foreign Intelligence Surveillance Court of Review	Foreign Intelligence Surveillance Court of Review	t	1978-10-25		
fla	S	Supreme Court of Florida	Supreme Court of Florida	t	1845-01-01		
flaag	SAG	Florida Attorney General Reports	Florida Attorney General Reports	t			
flacirct	ST	Circuit Court for the Judicial Circuits of Florida	Florida Circuit Courts	f	1973-01-01		
flacirct1	ST	Circuit Court of the 1st Judicial Circuit of Florida	Circuit Court of the 1st Judicial Circuit	f	1973-01-01		flacirct
flacirct10	ST	Circuit Court of the 10th Judicial Circuit of Florida	Circuit Court of the 10th Judicial Circuit	f	1973-01-01		flacirct
flacirct10har	ST	Circuit Court of the 10th Judicial Circuit of Florida, Hardee County	Hardee County Circuit Court	f	1973-01-01		flacirct10
flacirct10hig	ST	Circuit Court of the 10th Judicial Circuit of Florida, Highlands County	Highlands County Circuit Court	f	1973-01-01		flacirct10
flacirct10pol	ST	Circuit Court of the 10th Judicial Circuit of Florida, Polk County	Polk County Circuit Court	f	1973-01-01		flacirct10
flacirct11	ST	Circuit Court of the 11th Judicial Circuit of Florida	Circuit Court of the 11th Judicial Circuit	f	1973-01-01		flacirct
flacirct11mia	ST	Circuit Court of the 11th Judicial Circuit of Florida, Miami-Dade County	Miami-Dade County Circuit Court	f	1973-01-01		flacirct11
flacirct12	ST	Circuit Court of the 12th Judicial Circuit of Florida	Circuit Court of the 12th Judicial Circuit	f	1973-01-01		flacirct
flacirct12des	ST	Circuit Court of the 12th Judicial Circuit of Florida, De Soto County	De Soto County Circuit Court	f	1973-01-01		flacirct12
flacirct12man	ST	Circuit Court of the 12th Judicial Circuit of Florida, Manatee County	Manatee County Circuit Court	f	1973-01-01		flacirct12
flacirct12sar	ST	Circuit Court of the 12th Judicial Circuit of Florida, Sarasota County	Sarasota County Circuit Court	f	1973-01-01		flacirct12
flacirct13	ST	Circuit Court of the 13th Judicial Circuit of Florida	Circuit Court of the 13th Judicial Circuit	f	1973-01-01		flacirct
flacirct13hil	ST	Circuit Court of the 13th Judicial Circuit of Florida, Hillsborough County	Hillsborough County Circuit Court	f	1973-01-01		flacirct13
flacirct14	ST	Circuit Court of the 14th Judicial Circuit of Florida	Circuit Court of the 14th Judicial Circuit	f	1973-01-01		flacirct
flacirct14bay	ST	Circuit Court of the 14th Judicial Circuit of Florida, Bay County	Bay County Circuit Court	f	1973-01-01		flacirct14
flacirct14cal	ST	Circuit Court of the 14th Judicial Circuit of Florida, Calhoun County	Calhoun County Circuit Court	f	1973-01-01		flacirct14
flacirct14gul	ST	Circuit Court of the 14th Judicial Circuit of Florida, Gulf County	Gulf County Circuit Court	f	1973-01-01		flacirct14
flacirct14hol	ST	Circuit Court of the 14th Judicial Circuit of Florida, Holmes County	Holmes County Circuit Court	f	1973-01-01		flacirct14
flacirct14jac	ST	Circuit Court of the 14th Judicial Circuit of Florida, Jackson County	Jackson County Circuit Court	f	1973-01-01		flacirct14
flacirct14was	ST	Circuit Court of the 14th Judicial Circuit of Florida, Washington County	Washington County Circuit Court	f	1973-01-01		flacirct14
flacirct15	ST	Circuit Court of the 15th Judicial Circuit of Florida	Circuit Court of the 15th Judicial Circuit	f	1973-01-01		flacirct
flacirct15pal	ST	Circuit Court of the 15th Judicial Circuit of Florida, Palm Beach County	Palm Beach County Circuit Court	f	1973-01-01		flacirct15
flacirct16	ST	Circuit Court of the 16th Judicial Circuit of Florida	Circuit Court of the 16th Judicial Circuit	f	1973-01-01		flacirct
flacirct16mon	ST	Circuit Court of the 16th Judicial Circuit of Florida, Monroe County	Monroe County Circuit Court	f	1973-01-01		flacirct16
flacirct17	ST	Circuit Court of the 17th Judicial Circuit of Florida	Circuit Court of the 17th Judicial Circuit	f	1973-01-01		flacirct
flacirct17bro	ST	Circuit Court of the 17th Judicial Circuit of Florida, Broward County	Broward County Circuit Court	f	1973-01-01		flacirct17
flacirct18	ST	Circuit Court of the 18th Judicial Circuit of Florida	Circuit Court of the 18th Judicial Circuit	f	1973-01-01		flacirct
flacirct18bre	ST	Circuit Court of the 18th Judicial Circuit of Florida, Brevard County	Brevard County Circuit Court	f	1973-01-01		flacirct18
flacirct18sem	ST	Circuit Court of the 18th Judicial Circuit of Florida, Seminole County	Seminole County Circuit Court	f	1973-01-01		flacirct18
flacirct19	ST	Circuit Court of the 19th Judicial Circuit of Florida	Circuit Court of the 19th Judicial Circuit	f	1973-01-01		flacirct
flacirct19ind	ST	Circuit Court of the 19th Judicial Circuit of Florida, Indian River County	Indian River County Circuit Court	f	1973-01-01		flacirct19
flacirct19mar	ST	Circuit Court of the 19th Judicial Circuit of Florida, Martin County	Martin County Circuit Court	f	1973-01-01		flacirct19
flacirct19oke	ST	Circuit Court of the 19th Judicial Circuit of Florida, Okeechobee County	Okeechobee County Circuit Court	f	1973-01-01		flacirct19
flacirct19stl	ST	Circuit Court of the 19th Judicial Circuit of Florida, St. Lucie County	St. Lucie County Circuit Court	f	1973-01-01		flacirct19
flacirct1esc	ST	Circuit Court of the 1st Judicial Circuit of Florida, Escambia County	Escambia County Circuit Court	f	1973-01-01		flacirct1
flacirct1oka	ST	Circuit Court of the 1st Judicial Circuit of Florida, Okaloosa County	Okaloosa County Circuit Court	f	1973-01-01		flacirct1
flacirct1san	ST	Circuit Court of the 1st Judicial Circuit of Florida, Santa Rosa County	Santa Rosa County Circuit Court	f	1973-01-01		flacirct1
flacirct1wal	ST	Circuit Court of the 1st Judicial Circuit of Florida, Walton County	Walton County Circuit Court	f	1973-01-01		flacirct1
flacirct2	ST	Circuit Court of the 2nd Judicial Circuit of Florida	Circuit Court of the 2nd Judicial Circuit	f	1973-01-01		flacirct
flacirct20	ST	Circuit Court of the 20th Judicial Circuit of Florida	Circuit Court of the 20th Judicial Circuit	f	1973-01-01		flacirct
flacirct20cha	ST	Circuit Court of the 20th Judicial Circuit of Florida, Charlotte County	Charlotte County Circuit Court	f	1973-01-01		flacirct20
flacirct20col	ST	Circuit Court of the 20th Judicial Circuit of Florida, Collier County	Collier County Circuit Court	f	1973-01-01		flacirct20
flacirct20gla	ST	Circuit Court of the 20th Judicial Circuit of Florida, Glades County	Glades County Circuit Court	f	1973-01-01		flacirct20
flacirct20hen	ST	Circuit Court of the 20th Judicial Circuit of Florida, Hendry County	Hendry County Circuit Court	f	1973-01-01		flacirct20
flacirct20lee	ST	Circuit Court of the 20th Judicial Circuit of Florida, Lee County	Lee County Circuit Court	f	1973-01-01		flacirct20
flacirct2fra	ST	Circuit Court of the 2nd Judicial Circuit of Florida, Franklin County	Franklin County Circuit Court	f	1973-01-01		flacirct2
flacirct2gad	ST	Circuit Court of the 2nd Judicial Circuit of Florida, Gadsden County	Gadsden County Circuit Court	f	1973-01-01		flacirct2
flacirct2jef	ST	Circuit Court of the 2nd Judicial Circuit of Florida, Jefferson County	Jefferson County Circuit Court	f	1973-01-01		flacirct2
flacirct2leo	ST	Circuit Court of the 2nd Judicial Circuit of Florida, Leon County	Leon County Circuit Court	f	1973-01-01		flacirct2
flacirct2lib	ST	Circuit Court of the 2nd Judicial Circuit of Florida, Liberty County	Liberty County Circuit Court	f	1973-01-01		flacirct2
flacirct2wak	ST	Circuit Court of the 2nd Judicial Circuit of Florida, Wakulla County	Wakulla County Circuit Court	f	1973-01-01		flacirct2
flacirct3	ST	Circuit Court of the 3rd Judicial Circuit of Florida	Circuit Court of the 3rd Judicial Circuit	f	1973-01-01		flacirct
flacirct3col	ST	Circuit Court of the 3rd Judicial Circuit of Florida, Columbia County	Columbia County Circuit Court	f	1973-01-01		flacirct3
flacirct3dix	ST	Circuit Court of the 3rd Judicial Circuit of Florida, Dixie County	Dixie County Circuit Court	f	1973-01-01		flacirct3
flacirct3ham	ST	Circuit Court of the 3rd Judicial Circuit of Florida, Hamilton County	Hamilton County Circuit Court	f	1973-01-01		flacirct3
flacirct3laf	ST	Circuit Court of the 3rd Judicial Circuit of Florida, Lafayette County	Lafayette County Circuit Court	f	1973-01-01		flacirct3
flacirct3mad	ST	Circuit Court of the 3rd Judicial Circuit of Florida, Madison County	Madison County Circuit Court	f	1973-01-01		flacirct3
flacirct3suw	ST	Circuit Court of the 3rd Judicial Circuit of Florida, Suwannee County	Suwannee County Circuit Court	f	1973-01-01		flacirct3
flacirct3tay	ST	Circuit Court of the 3rd Judicial Circuit of Florida, Taylor County	Taylor County Circuit Court	f	1973-01-01		flacirct3
flacirct4	ST	Circuit Court of the 4th Judicial Circuit of Florida	Circuit Court of the 4th Judicial Circuit	f	1973-01-01		flacirct
flacirct4cla	ST	Circuit Court of the 4th Judicial Circuit of Florida, Clay County	Clay County Circuit Court	f	1973-01-01		flacirct4
flacirct4duv	ST	Circuit Court of the 4th Judicial Circuit of Florida, Duval County	Duval County Circuit Court	f	1973-01-01		flacirct4
flacirct4nas	ST	Circuit Court of the 4th Judicial Circuit of Florida, Nassau County	Nassau County Circuit Court	f	1973-01-01		flacirct4
flacirct5	ST	Circuit Court of the 5th Judicial Circuit of Florida	Circuit Court of the 5th Judicial Circuit	f	1973-01-01		flacirct
flacirct5cit	ST	Circuit Court of the 5th Judicial Circuit of Florida, Citrus County	Citrus County Circuit Court	f	1973-01-01		flacirct5
flacirct5her	ST	Circuit Court of the 5th Judicial Circuit of Florida, Hernando County	Hernando County Circuit Court	f	1973-01-01		flacirct5
flacirct5lak	ST	Circuit Court of the 5th Judicial Circuit of Florida, Lake County	Lake County Circuit Court	f	1973-01-01		flacirct5
flacirct5mar	ST	Circuit Court of the 5th Judicial Circuit of Florida, Marion County	Marion County Circuit Court	f	1973-01-01		flacirct5
flacirct5sum	ST	Circuit Court of the 5th Judicial Circuit of Florida, Sumter County	Sumter County Circuit Court	f	1973-01-01		flacirct5
flacirct6	ST	Circuit Court of the 6th Judicial Circuit of Florida	Circuit Court of the 6th Judicial Circuit	f	1973-01-01		flacirct
flacirct6pas	ST	Circuit Court of the 6th Judicial Circuit of Florida, Pasco County	Pasco County Circuit Court	f	1973-01-01		flacirct6
flacirct6pin	ST	Circuit Court of the 6th Judicial Circuit of Florida, Pinellas County	Pinellas County Circuit Court	f	1973-01-01		flacirct6
flacirct7	ST	Circuit Court of the 7th Judicial Circuit of Florida	Circuit Court of the 7th Judicial Circuit	f	1973-01-01		flacirct
flacirct7fla	ST	Circuit Court of the 7th Judicial Circuit of Florida, Flagler County	Flagler County Circuit Court	f	1973-01-01		flacirct7
flacirct7put	ST	Circuit Court of the 7th Judicial Circuit of Florida, Putnam County	Putnam County Circuit Court	f	1973-01-01		flacirct7
flacirct7stj	ST	Circuit Court of the 7th Judicial Circuit of Florida, St. Johns County	St. Johns County Circuit Court	f	1973-01-01		flacirct7
flacirct7vol	ST	Circuit Court of the 7th Judicial Circuit of Florida, Volusia County	Volusia County Circuit Court	f	1973-01-01		flacirct7
flacirct8	ST	Circuit Court of the 8th Judicial Circuit of Florida	Circuit Court of the 8th Judicial Circuit	f	1973-01-01		flacirct
flacirct8ala	ST	Circuit Court of the 8th Judicial Circuit of Florida, Alachua County	Alachua County Circuit Court	f	1973-01-01		flacirct8
flacirct8bak	ST	Circuit Court of the 8th Judicial Circuit of Florida, Baker County	Baker County Circuit Court	f	1973-01-01		flacirct8
flacirct8bra	ST	Circuit Court of the 8th Judicial Circuit of Florida, Bradford County	Bradford County Circuit Court	f	1973-01-01		flacirct8
flacirct8gil	ST	Circuit Court of the 8th Judicial Circuit of Florida, Gilchrist County	Gilchrist County Circuit Court	f	1973-01-01		flacirct8
flacirct8lev	ST	Circuit Court of the 8th Judicial Circuit of Florida, Levy County	Levy County Circuit Court	f	1973-01-01		flacirct8
flacirct8uni	ST	Circuit Court of the 8th Judicial Circuit of Florida, Union County	Union County Circuit Court	f	1973-01-01		flacirct8
flacirct9	ST	Circuit Court of the 9th Judicial Circuit of Florida	Circuit Court of the 9th Judicial Circuit	f	1973-01-01		flacirct
flacirct9ora	ST	Circuit Court of the 9th Judicial Circuit of Florida, Orange County	Orange County Circuit Court	f	1973-01-01		flacirct9
flacirct9osc	ST	Circuit Court of the 9th Judicial Circuit of Florida, Osceola County	Osceola County Circuit Court	f	1973-01-01		flacirct9
flactyct	ST	Florida County Courts	Florida County Courts	f		1972-12-31	
flactyct1	ST	Alachua County Court	Alachua County Court	f		1972-12-31	flactyct
flactyct10	ST	Clay County Court	Clay County Court	f		1972-12-31	flactyct
flactyct11	ST	Collier County Court	Collier County Court	f		1972-12-31	flactyct
flactyct12	ST	Columbia County Court	Columbia County Court	f		1972-12-31	flactyct
flactyct13	ST	De Soto County Court	De Soto County Court	f		1972-12-31	flactyct
flactyct14	ST	Dixie County Court	Dixie County Court	f		1972-12-31	flactyct
flactyct15	ST	Duval County Court	Duval County Court	f		1972-12-31	flactyct
flactyct16	ST	Escambia County Court	Escambia County Court	f		1972-12-31	flactyct
flactyct17	ST	Flagler County Court	Flagler County Court	f		1972-12-31	flactyct
flactyct18	ST	Franklin County Court	Franklin County Court	f		1972-12-31	flactyct
flactyct19	ST	Gadsden County Court	Gadsden County Court	f		1972-12-31	flactyct
flactyct2	ST	Baker County Court	Baker County Court	f		1972-12-31	flactyct
flactyct20	ST	Gilchrist County Court	Gilchrist County Court	f		1972-12-31	flactyct
flactyct21	ST	Glades County Court	Glades County Court	f		1972-12-31	flactyct
flactyct22	ST	Gulf County Court	Gulf County Court	f		1972-12-31	flactyct
flactyct23	ST	Hamilton County Court	Hamilton County Court	f		1972-12-31	flactyct
flactyct24	ST	Hardee County Court	Hardee County Court	f		1972-12-31	flactyct
flactyct25	ST	Hendry County Court	Hendry County Court	f		1972-12-31	flactyct
flactyct26	ST	Hernando County Court	Hernando County Court	f		1972-12-31	flactyct
flactyct27	ST	Highlands County Court	Highlands County Court	f		1972-12-31	flactyct
flactyct28	ST	Hillsborough County Court	Hillsborough County Court	f		1972-12-31	flactyct
flactyct29	ST	Holmes County Court	Holmes County Court	f		1972-12-31	flactyct
flactyct3	ST	Bay County Court	Bay County Court	f		1972-12-31	flactyct
flactyct30	ST	Indian River County Court	Indian River County Court	f		1972-12-31	flactyct
flactyct31	ST	Jackson County Court	Jackson County Court	f		1972-12-31	flactyct
flactyct32	ST	Jefferson County Court	Jefferson County Court	f		1972-12-31	flactyct
flactyct33	ST	Lafayette County Court	Lafayette County Court	f		1972-12-31	flactyct
flactyct34	ST	Lake County Court	Lake County Court	f		1972-12-31	flactyct
flactyct35	ST	Lee County Court	Lee County Court	f		1972-12-31	flactyct
flactyct36	ST	Leon County Court	Leon County Court	f		1972-12-31	flactyct
flactyct37	ST	Levy County Court	Levy County Court	f		1972-12-31	flactyct
flactyct38	ST	Liberty County Court	Liberty County Court	f		1972-12-31	flactyct
flactyct39	ST	Madison County Court	Madison County Court	f		1972-12-31	flactyct
flactyct4	ST	Bradford County Court	Bradford County Court	f		1972-12-31	flactyct
flactyct40	ST	Manatee County Court	Manatee County Court	f		1972-12-31	flactyct
flactyct41	ST	Marion County Court	Marion County Court	f		1972-12-31	flactyct
flactyct42	ST	Martin County Court	Martin County Court	f		1972-12-31	flactyct
flactyct43	ST	Miami-Dade County Court	Miami-Dade County Court	f		1972-12-31	flactyct
flactyct44	ST	Monroe County Court	Monroe County Court	f		1972-12-31	flactyct
flactyct45	ST	Nassau County Court	Nassau County Court	f		1972-12-31	flactyct
flactyct46	ST	Okaloosa County Court	Okaloosa County Court	f		1972-12-31	flactyct
flactyct47	ST	Okeechobee County Court	Okeechobee County Court	f		1972-12-31	flactyct
flactyct48	ST	Orange County Court	Orange County Court	f		1972-12-31	flactyct
flactyct49	ST	Osceola County Court	Osceola County Court	f		1972-12-31	flactyct
flactyct5	ST	Brevard County Court	Brevard County Court	f		1972-12-31	flactyct
flactyct50	ST	Palm Beach County Court	Palm Beach County Court	f		1972-12-31	flactyct
flactyct51	ST	Pasco County Court	Pasco County Court	f		1972-12-31	flactyct
flactyct52	ST	Pinellas County Court	Pinellas County Court	f		1972-12-31	flactyct
flactyct53	ST	Polk County Court	Polk County Court	f		1972-12-31	flactyct
flactyct54	ST	Putnam County Court	Putnam County Court	f		1972-12-31	flactyct
flactyct55	ST	St. Johns County Court	St. Johns County Court	f		1972-12-31	flactyct
flactyct56	ST	St. Lucie County Court	St. Lucie County Court	f		1972-12-31	flactyct
flactyct57	ST	Santa Rosa County Court	Santa Rosa County Court	f		1972-12-31	flactyct
flactyct58	ST	Sarasota County Court	Sarasota County Court	f		1972-12-31	flactyct
flactyct59	ST	Seminole County Court	Seminole County Court	f		1972-12-31	flactyct
flactyct6	ST	Broward County Court	Broward County Court	f		1972-12-31	flactyct
flactyct60	ST	Sumter County Court	Sumter County Court	f		1972-12-31	flactyct
flactyct61	ST	Suwannee County Court	Suwannee County Court	f		1972-12-31	flactyct
flactyct62	ST	Taylor County Court	Taylor County Court	f		1972-12-31	flactyct
flactyct63	ST	Union County Court	Union County Court	f		1972-12-31	flactyct
flactyct64	ST	Volusia County Court	Volusia County Court	f		1972-12-31	flactyct
flactyct65	ST	Wakulla County Court	Wakulla County Court	f		1972-12-31	flactyct
flactyct66	ST	Walton County Court	Walton County Court	f		1972-12-31	flactyct
flactyct67	ST	Washington County Court	Washington County Court	f		1972-12-31	flactyct
flactyct7	ST	Calhoun County Court	Calhoun County Court	f		1972-12-31	flactyct
flactyct8	ST	Charlotte County Court	Charlotte County Court	f		1972-12-31	flactyct
flactyct9	ST	Citrus County Court	Citrus County Court	f		1972-12-31	flactyct
flactyctrec	ST	Florida's Civil and Criminal Court of Records	Florida's Civil and Criminal Court of Records	f		1972-12-31	
flactyctrec1	ST	Duval County Civil and Criminal Court of Record	Duval County Court of Record	f		1972-12-31	flactyctrec
flactyctrec2	ST	Palm Beach County Civil and Criminal Court of Record	Palm Beach County Court of Record	f		1972-12-31	flactyctrec
flactyctrec3	ST	Pinellas County Civil and Criminal Court of Record	Pinellas County Court of Record	f		1972-12-31	flactyctrec
flactyctrec4	ST	Escambia County Civil and Criminal Court of Record	Escambia County Court of Record	f		1972-12-31	flactyctrec
flactyctrec5	ST	Brevard County Civil and Criminal Court of Record	Brevard County Court of Record	f		1972-12-31	flactyctrec
flactyctrec6	ST	Dade County Civil and Criminal Court of Record	Dade County Court of Record	f		1972-12-31	flactyctrec
flactyctrec7	ST	Broward County Civil and Criminal Court of Record	Broward County Court of Record	f		1972-12-31	flactyctrec
fladeptenvreg	SS	State of Florida Department of Environmental Regulation	State of Florida Department of Environmental Regulation	f			
fladepthrehabil	SS	Florida Department of Health and Rehabilitative Services	Florida Department of Health and Rehabilitative Services	f			
fladeptrev	SS	State of Florida Department of Revenue	State of Florida Department of Revenue	f			
fladistctapp	SA	District Court of Appeal of Florida	District Court of Appeal of Florida	t	1957-01-01		
fladistctapp1	SA	Florida First District Court of Appeal	Florida First District Court of Appeal	f	1957-01-01		fladistctapp
fladistctapp2	SA	Florida Second District Court of Appeal	Florida Second District Court of Appeal	f	1957-01-01		fladistctapp
fladistctapp3	SA	Florida Third District Court of Appeal	Florida Third District Court of Appeal	f	1957-01-01		fladistctapp
fladistctapp4	SA	Florida Fourth District Court of Appeal	Florida Fourth District Court of Appeal	f	1957-01-01		fladistctapp
fladistctapp5	SA	Florida Fifth District Court of Appeal	Florida Fifth District Court of Appeal	f	1957-01-01		fladistctapp
fladistctapp6	SA	Florida Sixth District Court of Appeal	Florida Sixth District Court of Appeal	f	2023-01-01		fladistctapp
fladivadminhrg	SS	State of Florida Division of Administrative Hearings	State of Florida Division of Administrative Hearings	f			
flaindcommn	SS	Florida Industrial Commission	Florida Industrial Commission	f	1935-01-01	1969-12-31	
flajudct	ST	Florida Judge's Courts	Florida Judge's Courts	f		1972-12-31	
flajudct1	ST	Charlotte County Judge's Court	Charlotte County Judge's Court	f		1972-12-31	flajudct
flajudct10	ST	Pinellas County Judge's Court	Pinellas County Judge's Court	f		1972-12-31	flajudct
flajudct11	ST	Monroe County Judge Court	Monroe County Judge Court	f		1972-12-31	flajudct
flajudct12	ST	Palm Beach County Judge's Court	Palm Beach County Judge's Court	f		1972-12-31	flajudct
flajudct13	ST	Duval County Judge's Court	Duval County Judge's Court	f		1972-12-31	flajudct
flajudct14	ST	Sarasota County Judge's Court	Sarasota County Judge's Court	f		1972-12-31	flajudct
flajudct2	ST	Dade County Judge's Court	Dade County Judge's Court	f		1972-12-31	flajudct
flajudct3	ST	Hamilton County Judge's Court	Hamilton County Judge's Court	f		1972-12-31	flajudct
flajudct4	ST	Orange County Judge's Court	Orange County Judge's Court	f		1972-12-31	flajudct
flajudct5	ST	Lee County Judge's Court	Lee County Judge's Court	f		1972-12-31	flajudct
flajudct6	ST	Volusia County Judge's Court	Volusia County Judge's Court	f		1972-12-31	flajudct
flajudct7	ST	Suwannee County Judge's Court	Suwannee County Judge's Court	f		1972-12-31	flajudct
flajudct8	ST	Lake County Judge's Court	Lake County Judge's Court	f		1972-12-31	flajudct
flajudct9	ST	Broward County Judge's Court	Broward County Judge's Court	f		1972-12-31	flajudct
flajuv	ST	Florida Juvenile and Domestic Relations Court	Florida Juvenile and Domestic Relations Court	f		1972-12-31	
flajuv1	ST	Palm Beach County Juvenile and Domestic Relations Court	Palm Beach County Juvenile and Domestic Relations Court	f		1972-12-31	flajuv
flamunict	ST	Florida Municipal Courts	Florida Municipal Courts	f		1977-12-31	
flamunict1	ST	Miami Beach Municipal Court	Miami Beach Municipal Court	f		1977-12-31	flamunict
flamunict2	ST	Surfside Municipal Court	Surfside Municipal Court	f		1977-12-31	flamunict
flamunict3	ST	Miami Municipal Court	Miami Municipal Court	f		1977-12-31	flamunict
flapubserv	SS	Florida Public Service Commission	Florida Public Service Commission	f	1887-01-01		
flarealestcommn	SS	Florida Real Estate Commission	Florida Real Estate Commission	f			
flasmclct	ST	Florida Small Claims Courts	Florida Small Claims Courts	f		1972-12-31	
flasmclct1	ST	Broward County Small Claims Court	Broward County Small Claims Court	f		1972-12-31	flasmclct
flasmclct2	ST	Palm Beach County Small Claims Court	Palm Beach County Small Claims Court	f		1972-12-31	flasmclct
flasmclct3	ST	Dade County Small Claims Court	Dade County Small Claims Court	f		1972-12-31	flasmclct
flasmclct4	ST	St. Lucie County Small Claims Court	St. Lucie County Small Claims Court	f		1972-12-31	flasmclct
fld	FD	District Court, D. Florida	D. Florida	f	1845-03-03	1847-02-23	usdistct
flmb	FB	United States Bankruptcy Court, M.D. Florida	M.D. Florida	t			
flmd	FD	District Court, M.D. Florida	M.D. Florida	t			usdistct
flnb	FB	United States Bankruptcy Court, N.D. Florida	N.D. Florida	t			
flnd	FD	District Court, N.D. Florida	N.D. Florida	t			usdistct
flsb	FB	United States Bankruptcy Court, S.D. Florida.	S.D. Florida	t			
flsd	FD	District Court, S.D. Florida	S.D. Florida	t			usdistct
ftmcdowctapp	TRA	Fort McDowell Yavapai Nation Tribal Court of Appeals	Fort McDowell Yavapai Nation Tribal Court of Appeals	t			
ftmcdowell	TRS	Fort McDowell Supreme Court	Fort McDowell Supreme Court	t			
ftpeckctapp	TRA	Fort Peck Appellate Court	Fort Peck Appellate Court	t			
ftpecktrialct	TRT	Fort Peck Tribal Court	Fort Peck Tribal Court	t			
ga	S	Supreme Court of Georgia	Supreme Court of Georgia	t	1841-01-01		
gactapp	SA	Court of Appeals of Georgia	Court of Appeals of Georgia	t	1906-11-06		
gad	FD	District Court, D. Georgia	D. Georgia	f	1789-09-24	1848-08-11	usdistct
gamb	FB	United States Bankruptcy Court, M.D. Georgia	M.D. Georgia	t			
gamd	FD	District Court, M.D. Georgia	M.D. Georgia	t			usdistct
ganb	FB	United States Bankruptcy Court, N.D. Georgia	N.D. Georgia	t			
gand	FD	District Court, N.D. Georgia	N.D. Georgia	t			usdistct
gaoyertermct	SS	Georgia Court of Oyer and Terminer	Georgia Court of Oyer and Terminer	f			
gasb	FB	United States Bankruptcy Court, S.D. Georgia	S.D. Georgia	t			
gasd	FD	District Court, S.D. Georgia	S.D. Georgia	t			usdistct
gasuperct	ST	Georgia Superior Court	Georgia Superior Court	f			
gasuperctburke	ST	Burke County Superior Court, Ga.	Burke County Superior Court, Ga.	f			gasuperct
gasuperctcarrol	ST	Carroll County Superior Court, Ga.	Carroll County Superior Court, Ga.	f			gasuperct
gasuperctchatha	ST	Chatham Superior Court, Ga.	Chatham Superior Court, Ga.	f			gasuperct
gasuperctclark	ST	Clark County Superior Court, Ga.	Clark County Superior Court, Ga.	f			gasuperct
gasuperctclarke	ST	Clarke County Superior Court, Ga.	Clarke County Superior Court, Ga.	f			gasuperct
gasuperctcobb	ST	Cobb County Superior Court, Ga.	Cobb County Superior Court, Ga.	f			gasuperct
gasuperctcolumb	ST	Columbia County Superior Court, Ga.	Columbia County Superior Court, Ga.	f			gasuperct
gasuperctcoweta	ST	Coweta County Superior Court, Ga.	Coweta County Superior Court, Ga.	f			gasuperct
gasuperctdecatu	ST	Decatur County Superior Court, Ga.	Decatur County Superior Court, Ga.	f			gasuperct
gasuperctdekalb	ST	DeKalb County Superior Court, Ga.	DeKalb County Superior Court, Ga.	f			gasuperct
gasuperctearl	ST	Early County Superior Court, Ga.	Early County Superior Court, Ga.	f			gasuperct
gasuperctelbert	ST	Elbert County Superior Court, Ga.	Elbert County Superior Court, Ga.	f			gasuperct
gasuperctfay	ST	Fayette Superior Court, Ga.	Fayette Superior Court, Ga.	f			gasuperct
gasuperctfrankl	ST	Franklin County Superior Court, Ga.	Franklin County Superior Court, Ga.	f			gasuperct
gasuperctgwin	ST	Gwinnett County Superior Court, Ga.	Gwinnett County Superior Court, Ga.	f			gasuperct
gasupercthabers	ST	Habersham County Superior Court, Ga.	Habersham County Superior Court, Ga.	f			gasuperct
gasupercthall	ST	Hall County Superior Court, Ga.	Hall County Superior Court, Ga.	f			gasuperct
gasupercthancoc	ST	Hancock County Superior Court, Ga.	Hancock County Superior Court, Ga.	f			gasuperct
gasuperctharris	ST	Harris County Superior Court, Ga.	Harris County Superior Court, Ga.	f			gasuperct
gasuperctheard	ST	Heard County Superior Court, Ga.	Heard County Superior Court, Ga.	f			gasuperct
gasupercthous	ST	Houston Superior Court, Ga.	Houston Superior Court, Ga.	f			gasuperct
gasuperctlee	ST	Lee County Superior Court, Ga.	Lee County Superior Court, Ga.	f			gasuperct
gasuperctliber	ST	Liberty County Superior Court, Ga.	Liberty County Superior Court, Ga.	f			gasuperct
gasuperctlincol	ST	Lincoln County Superior Court, Ga.	Lincoln County Superior Court, Ga.	f			gasuperct
gasuperctmacon	ST	Macon County Superior Court, Ga.	Macon County Superior Court, Ga.	f			gasuperct
gasuperctmari	ST	Marion County Superior Court, Ga.	Marion County Superior Court, Ga.	f			gasuperct
gasuperctmeriw	ST	Meriwether County Superior Court, Ga.	Meriwether County Superior Court, Ga.	f			gasuperct
gasuperctmuscog	ST	Muscogee County Superior Court, Ga.	Muscogee County Superior Court, Ga.	f			gasuperct
gasuperctogleth	ST	Oglethorpe County Superior Court, Ga.	Oglethorpe County Superior Court, Ga.	f			gasuperct
gasuperctpike	ST	Pike Superior Court, Ga.	Pike Superior Court, Ga.	f			gasuperct
gasuperctrand	ST	Randolph County Superior Court, Ga.	Randolph County Superior Court, Ga.	f			gasuperct
gasuperctrichm	ST	Richmond Superior Court, Ga.	Richmond Superior Court, Ga.	f			gasuperct
gasuperctserive	ST	Seriven County Superior Court, Ga.	Seriven County Superior Court, Ga.	f			gasuperct
gasuperctsumter	ST	Sumter County Superior Court, Ga.	Sumter County Superior Court, Ga.	f			gasuperct
gasupercttalb	ST	Talbot County Superior Court, Ga.	Talbot County Superior Court, Ga.	f			gasuperct
gasupercttallia	ST	Talliaferro County Superior Court, Ga.	Talliaferro County Superior Court, Ga.	f			gasuperct
gasupercttroup	ST	Troup County Superior Court, Ga.	Troup County Superior Court, Ga.	f			gasuperct
gasuperctwalton	ST	Walton County Superior Court, Ga.	Walton County Superior Court, Ga.	f			gasuperct
gasuperctwashin	ST	Washington County Superior Court, Ga.	Washington County Superior Court, Ga.	f			gasuperct
gasuperctwilkes	ST	Wilkes County Superior Court, Ga.	Wilkes County Superior Court, Ga.	f			gasuperct
grrondect	TRT	Grand Ronde Tribal Court	Grand Ronde Tribal Court	t			
grrondectapp	TRA	Grand Ronde Court of Appeals	Grand Ronde Court of Appeals	t			
grtravbandct	TRA	Grand Traverse Band of Ottawa and Chippewa Indians Tribal Court	Grand Traverse Band of Ottawa and Chippewa Indians Tribal Court	t			
grtravbandctapp	TRA	Grand Traverse Band of Ottawa & Chippewa Indians Tribal Appellate Court	Grand Traverse Band of Ottawa & Chippewa Indians Tribal Appellate Court	t			
guam	TS	Supreme Court of Guam	Supreme Court of Guam	t	1996-01-01		
gub	FB	United States Bankruptcy Court, D. Guam	D. Guam	t			
gud	FD	District Court, D. Guam	D. Guam	t			usdistct
haw	S	Hawaii Supreme Court	Hawaii Supreme Court	t	1840-10-08		
hawapp	SA	Hawaii Intermediate Court of Appeals	Hawaii Intermediate Court of Appeals	t	1979-11-06		
hib	FB	United States Bankruptcy Court, D. Hawaii	D. Hawaii	t			
hid	FD	District Court, D. Hawaii	D. Hawaii	t			usdistct
highctjchuk	I	High Court of Justice, Chancery Division	High Court of Justice, Chancery Division	f			
hochunk	TRS	Ho-Chunk Nation Supreme Court	Ho-Chunk Nation Supreme Court	t			
hochunkct	TRT	Ho-Chunk Nation Trial Court	Ho-Chunk Nation Trial Court	t			
hopiappct	TRA	Hopi Appellate Court	Hopi Appellate Court	t			
houseoflordsuk	I	House of Lords (UK)	House of Lords (UK)	f			
iad	FD	District Court, D. Iowa	D. Iowa	f		1882-07-20	usdistct
ianb	FB	United States Bankruptcy Court, N.D. Iowa	N.D. Iowa	t			
iand	FD	District Court, N.D. Iowa	N.D. Iowa	t			usdistct
iasb	FB	United States Bankruptcy Court, S.D. Iowa	S.D. Iowa	t			
iasd	FD	District Court, S.D. Iowa	S.D. Iowa	t			usdistct
idaho	S	Idaho Supreme Court	Idaho Supreme Court	t	1863-01-01		
idahoctapp	SA	Idaho Court of Appeals	Idaho Court of Appeals	t	1982-01-04		
idb	FB	United States Bankruptcy Court, D. Idaho	D. Idaho	t			
idd	FD	District Court, D. Idaho	D. Idaho	t			usdistct
ilcb	FB	United States Bankruptcy Court, C.D. Illinois	C.D. Illinois	t			
ilcd	FD	District Court, C.D. Illinois	C.D. Illinois	t			usdistct
ilclaimsct	ST	Court of Claims of Illinois	Court of Claims of Illinois	f			
ill	S	Illinois Supreme Court	Illinois Supreme Court	t	1841-01-01		
illappct	SA	Appellate Court of Illinois	Appellate Court of Illinois	t	1877-01-01		
illcirct	ST	Illinois Circuit Court	Illinois Circuit Court	f			
illinoisd	FD	District Court, D. Illinois	D. Illinois	t	1819-03-03	1855-02-13	usdistct
illinoised	FD	District Court, E.D. Illinois	E.D. Illinois	t	1905-03-03	1978-10-02	usdistct
ilnb	FB	United States Bankruptcy Court, N.D. Illinois	N.D. Illinois	t			
ilnd	FD	District Court, N.D. Illinois	N.D. Illinois	t			usdistct
ilsb	FB	United States Bankruptcy Court, S.D. Illinois	S.D. Illinois	t			
ilsd	FD	District Court, S.D. Illinois	S.D. Illinois	t			usdistct
ind	S	Indiana Supreme Court	Indiana Supreme Court	t	1816-01-01		
indcirct	F	Indiana Circuit Court	Indiana Circuit Court	f	1819-01-01		uscirct
indctapp	SA	Indiana Court of Appeals	Indiana Court of Appeals	t	1891-01-01		
indianad	FD	District Court, D. Indiana	D. Indiana	t	1817-03-03	1928-04-21	usdistct
indsuperct	ST	Indiana Superior Court	Indiana Super. Ct.	f			
indtc	SS	Indiana Tax Court	Indiana Tax Court	t			
innb	FB	United States Bankruptcy Court, N.D. Indiana	N.D. Indiana	t			
innd	FD	District Court, N.D. Indiana	N.D. Indiana	t	1928-04-21		usdistct
insb	FB	United States Bankruptcy Court, S.D. Indiana	S.D. Indiana	t			
insd	FD	District Court, S.D. Indiana	S.D. Indiana	t	1928-04-21		usdistct
iowa	S	Supreme Court of Iowa	Supreme Court of Iowa	t	1841-01-01		
iowactapp	SA	Court of Appeals of Iowa	Court of Appeals of Iowa	t	1976-07-01		
jaxcivservbd	SS	Jacksonville Civil Service Board	Jacksonville Civil Service Board	f			
jpml	FS	United States Judicial Panel on Multidistrict Litigation	Judicial Panel on Multidistrict Litigation	t			
judcoun	FS	Circuit Judicial Councils	Circuit Judicial Councils	f			
judcoun10	FS	Judicial Council of The Tenth Circuit	Judicial Council of The Tenth Circuit	f			judcoun
judcoun2	FS	Judicial Council of The Second Circuit	Judicial Council of The Second Circuit	f			judcoun
judcoun3	FS	Judicial Council of The Third Circuit	Judicial Council of The Third Circuit	f			judcoun
judcoun5	FS	Judicial Council of The Fifth Circuit	Judicial Council of The Fifth Circuit	f			judcoun
judcoun6	FS	Judicial Council of The Sixth Circuit	Judicial Council of The Sixth Circuit	f			judcoun
judcoun7	FS	Judicial Council of The Seventh Circuit	Judicial Council of The Seventh Circuit	f			judcoun
judcoun8	FS	Judicial Council of The Eighth Circuit	Judicial Council of The Eighth Circuit	f			judcoun
judcoun9	FS	Judicial Council of The Ninth Circuit	Judicial Council of The Ninth Circuit	f			judcoun
judcoundc	FS	Judicial Council of the District of Columbia Circuit	Judicial Council of the District of Columbia Circuit	f			judcoun
kan	S	Supreme Court of Kansas	Supreme Court of Kansas	t	1854-01-01		
kanag	SAG	Kansas Attorney General Reports	Kansas Attorney General Reports	t			
kanctapp	SA	Court of Appeals of Kansas	Court of Appeals of Kansas	t	1977-01-10		
kingsbench	I	Court of King's Bench	Court of King's Bench	t	1200-01-01	1873-12-31	
ksb	FB	United States Bankruptcy Court, D. Kansas	D. Kansas	t			
ksd	FD	District Court, D. Kansas	D. Kansas	t			usdistct
ky	S	Kentucky Supreme Court	Kentucky Supreme Court	t	1976-01-01		
kycirct	ST	Kentucky Circuit Court	Kentucky Circuit Court	f			
kycirct1	ST	Kentucky Circuit Court 1	Kentucky Circuit Court 1	f			kycirct
kycirct12	ST	Kentucky Circuit Court 12	Kentucky Circuit Court 12	f			kycirct
kycirct16	ST	Kentucky Circuit Court 16	Kentucky Circuit Court 16	f			kycirct
kycirct17	ST	Kentucky Circuit Court 17	Kentucky Circuit Court 17	f			kycirct
kycirct20	ST	Kentucky Circuit Court 20	Kentucky Circuit Court 20	f			kycirct
kycirct22	ST	Kentucky Circuit Court 22	Kentucky Circuit Court 22	f			kycirct
kycirct24	ST	Kentucky Circuit Court 24	Kentucky Circuit Court 24	f			kycirct
kycirct26	ST	Kentucky Circuit Court 26	Kentucky Circuit Court 26	f			kycirct
kycirct27	ST	Kentucky Circuit Court 27	Kentucky Circuit Court 27	f			kycirct
kycirct31	ST	Kentucky Circuit Court 31	Kentucky Circuit Court 31	f			kycirct
kycirct32	ST	Kentucky Circuit Court 32	Kentucky Circuit Court 32	f			kycirct
kycirct38	ST	Kentucky Circuit Court 38	Kentucky Circuit Court 38	f			kycirct
kycirct41	ST	Kentucky Circuit Court 41	Kentucky Circuit Court 41	f			kycirct
kycirct42	ST	Kentucky Circuit Court 42	Kentucky Circuit Court 42	f			kycirct
kycirct44	ST	Kentucky Circuit Court 44	Kentucky Circuit Court 44	f			kycirct
kycirct48	ST	Kentucky Circuit Court 48	Kentucky Circuit Court 48	f			kycirct
kycirct50	ST	Kentucky Circuit Court 50	Kentucky Circuit Court 50	f			kycirct
kycirct51	ST	Kentucky Circuit Court 51	Kentucky Circuit Court 51	f			kycirct
kycirct54	ST	Kentucky Circuit Court 54	Kentucky Circuit Court 54	f			kycirct
kycirct55	ST	Kentucky Circuit Court 55	Kentucky Circuit Court 55	f			kycirct
kycirct56	ST	Kentucky Circuit Court 56	Kentucky Circuit Court 56	f			kycirct
kycirct6	ST	Kentucky Circuit Court 6	Kentucky Circuit Court 6	f			kycirct
kycirctballard	ST	Ballard Circuit Court, Kentucky	Ballard Circuit Court, Kentucky	f			kycirct1
kycirctbell	ST	Bell Circuit Court, Kentucky	Bell Circuit Court, Kentucky	f			kycirct44
kycirctboone	ST	Boone Circuit Court, Kentucky	Boone Circuit Court, Kentucky	f			kycirct54
kycirctboyd	ST	Boyd Circuit Court, Kentucky	Boyd Circuit Court, Kentucky	f			kycirct32
kycirctboyle	ST	Boyle Circuit Court, Kentucky	Boyle Circuit Court, Kentucky	f			kycirct50
kycirctbullitt	ST	Bullitt Circuit Court, Kentucky	Bullitt Circuit Court, Kentucky	f			kycirct55
kycirctbutler	ST	Butler Circuit Court, Kentucky	Butler Circuit Court, Kentucky	f			kycirct38
kycirctcalloway	ST	Calloway Circuit Court, Kentucky	Calloway Circuit Court, Kentucky	f			kycirct42
kycirctcampbell	ST	Campbell Circuit Court, Kentucky	Campbell Circuit Court, Kentucky	f			kycirct17
kycirctclay	ST	Clay Circuit Court, Kentucky	Clay Circuit Court, Kentucky	f			kycirct41
kycirctdaviess	ST	Daviess Circuit Court, Kentucky	Daviess Circuit Court, Kentucky	f			kycirct6
kycirctedmonson	ST	Edmonson Circuit Court, Kentucky	Edmonson Circuit Court, Kentucky	f			kycirct38
kycirctfayette	ST	Fayette Circuit Court, Kentucky	Fayette Circuit Court, Kentucky	f			kycirct22
kycirctfloyd	ST	Floyd Circuit Court, Kentucky	Floyd Circuit Court, Kentucky	f			kycirct31
kycirctfranklin	ST	Franklin Circuit Court, Kentucky	Franklin Circuit Court, Kentucky	f			kycirct48
kycirctgreenup	ST	Greenup Circuit Court, Kentucky	Greenup Circuit Court, Kentucky	f			kycirct20
kycirctharlan	ST	Harlan Circuit Court, Kentucky	Harlan Circuit Court, Kentucky	f			kycirct26
kycircthenderso	ST	Henderson Circuit Court, Kentucky	Henderson Circuit Court, Kentucky	f			kycirct51
kycircthenry	ST	Henry Circuit Court, Kentucky	Henry Circuit Court, Kentucky	f			kycirct12
kycirctjohnson	ST	Johnson Circuit Court, Kentucky	Johnson Circuit Court, Kentucky	f			kycirct24
kycirctkenton	ST	Kenton Circuit Court, Kentucky	Kenton Circuit Court, Kentucky	f			kycirct16
kycirctknox	ST	Knox Circuit Court, Kentucky	Knox Circuit Court, Kentucky	f			kycirct27
kycirctlivingst	ST	Livingston Circuit Court, Kentucky	Livingston Circuit Court, Kentucky	f			kycirct56
kyctapp	SA	Court of Appeals of Kentucky	Court of Appeals of Kentucky	t	1976-01-01		
kyctapphigh	S	Court of Appeals of Kentucky (pre-1976)	Court of Appeals of Kentucky (pre-1976)	t	1792-01-01	1975-12-31	kyctapp
kyd	FD	District Court, D. Kentucky	D. Kentucky	f	1789-09-24	1901-02-12	usdistct
kyeb	FB	United States Bankruptcy Court, E.D. Kentucky	E.D. Kentucky	t			
kyed	FD	District Court, E.D. Kentucky	E.D. Kentucky	t			usdistct
kywb	FB	United States Bankruptcy Court, W.D. Kentucky	W.D. Kentucky	t			
kywd	FD	District Court, W.D. Kentucky	W.D. Kentucky	t			usdistct
la	S	Supreme Court of Louisiana	Supreme Court of Louisiana	t	1813-01-01		
laag	SAG	Louisiana Attorney General Reports	Louisiana Attorney General Reports	t			
lactapp	SA	Louisiana Court of Appeal	Louisiana Court of Appeal	t	1879-01-01		
lacterrapp	SA	Louisiana Court of Errors and Appeals	Louisiana Court of Errors and Appeals	f	1843-01-01	1846-12-31	
lad	FD	District Court, D. Louisiana	D. Louisiana	f	1812-04-08	1881-03-03	usdistct
laeb	FB	United States Bankruptcy Court, E.D. Louisiana	E.D. Louisiana	t			
laed	FD	District Court, E.D. Louisiana	E.D. Louisiana	t			usdistct
lamb	FB	United States Bankruptcy Court, M.D. Louisiana	M.D. Louisiana	t			
lamd	FD	District Court, M.D. Louisiana	M.D. Louisiana	t			usdistct
lasuperct	ST	Superior Court of Louisiana	Superior Court of Louisiana	f			
lawb	FB	United States Bankruptcy Court, W.D. Louisiana	W.D. Louisiana	t			
lawd	FD	District Court, W.D. Louisiana	W.D. Louisiana	t			usdistct
leechojibtr	TRT	Leech Lake Band of Ojibwe Tribal Court	Leech Lake Band of Ojibwe Tribal Court	t			
lrbottawact	TRT	Little River Band of Ottawa Indians Tribal Court	Little River Band of Ottawa Indians Tribal Court	t			
lrbottawactapp	TRA	Little River Band of Ottawa Indians Tribal Court of Appeals	Little River Band of Ottawa Indians Tribal Court of Appeals	t			
mab	FB	United States Bankruptcy Court, D. Massachusetts	D. Massachusetts	t			
mad	FD	District Court, D. Massachusetts	D. Massachusetts	t			usdistct
mahousct	ST	Massachusetts Housing Court	Massachusetts Housing Court	f			
maprobct	ST	Massachusetts Probate and Family Court	Massachusetts Probate and Family Court	f			
mass	S	Massachusetts Supreme Judicial Court	Massachusetts Supreme Judicial Court	t	1692-01-01		
massappct	SA	Massachusetts Appeals Court	Massachusetts Appeals Court	t	1972-10-06		
massdistct	SA	Massachusetts District Court	Massachusetts District Court	t			
massdistctapp	SA	Massachusetts District Court, Appellate Division	Mass. Dist. Ct., App. Div.	f			
massdistctbos	ST	Boston Municipal Court	Boston Municipal Court	f			massdistct
massdistctbrook	ST	Brookline District Court	Brookline District Court	f			massdistct
masshserep	SS	Massachusetts House of Representatives	Massachusetts House of Representatives	f			
massland	ST	Massachusetts Land Court	Massachusetts Land Court	f			
masslandct	SS	Massachusetts Land Court	Massachusetts Land Court	t			
masssuperct	SA	Massachusetts Superior Court	Massachusetts Superior Court	t			
masssuperctbarn	ST	Massachusetts Superior Court, Barnstable County	Massachusetts Superior Court, Barnstable County	f			masssuperct
masssuperctberk	ST	Massachusetts Superior Court, Berkshire County	Massachusetts Superior Court, Berkshire County	f			masssuperct
masssuperctsuff	ST	Massachusetts Superior Court, Suffolk County	Massachusetts Superior Court, Suffolk County	f			masssuperct
masstaxbd	SA	Massachusetts Appellate Tax Board	Massachusetts Appellate Tax Board	f			
maworkcompcom	SS	Massachusetts Department of Industrial Accidents	Massachusetts Department of Industrial Accidents	t			
mc	MA	United States Court of Military Commission Review	Military Commission Review	t			
md	S	Court of Appeals of Maryland	Court of Appeals of Maryland	t	1841-01-01		
mdag	SAG	Maryland Attorney General Reports	Maryland Attorney General Reports	t			
mdb	FB	United States Bankruptcy Court, D. Maryland	D. Maryland	t			
mdch	SA	High Court of Chancery of Maryland	Maryland Chancery Ct	t		1854-06-04	
mdcirctctbalt	ST	Baltimore City Circuit Court	Baltimore City Circuit Court	f			
mdcityctbalt	ST	Baltimore City Court	Baltimore City Court	f			
mdctspecapp	SA	Court of Special Appeals of Maryland	Court of Special Appeals of Maryland	t	1967-01-01		
mdd	FD	District Court, D. Maryland	D. Maryland	t			usdistct
mdgenct	SS	General Court of Maryland	General Court of Maryland	f	1778-01-01	1805-12-31	
mdorphanctbalt	ST	Baltimore City Orphans' Court	Baltimore City Orphans' Court	f			
mdsuperctbalt	ST	Baltimore City Superior Court	Baltimore City Superior Court	f			
me	S	Supreme Judicial Court of Maine	Supreme Judicial Court of Maine	t	1830-01-01		
meb	FB	United States Bankruptcy Court, D. Maine	D. Maine	t			
med	FD	District Court, D. Maine	D. Maine	t			usdistct
mesuperct	ST	Superior Court of Maine	Maine Superior	t			
mich	S	Michigan Supreme Court	Michigan Supreme Court	t	1837-01-01		
michchanct	SA	Michigan Court of Chancery	Michigan Court of Chancery	f	1836-01-01	1847-12-31	
michctapp	SA	Michigan Court of Appeals	Michigan Court of Appeals	t	1964-01-01		
michd	FD	District Court, D. Michigan	D. Michigan	f	1836-07-01	1863-02-24	usdistct
michrecdetroit	SS	Detroit Recorder's Court	Detroit Recorder's Court	f			
michsuperct	ST	Michigan Superior Courts	Michigan Superior Courts	f			
michsuperctdetr	ST	Michigan Superior Court, Detroit	Michigan Superior Court, Detroit	f			michsuperct
michsuperctgrap	ST	Michigan Superior Court, Grand Rapids	Michigan Superior Court, Grand Rapids	f			michsuperct
micirct	ST	Michigan Circuit Court	Michigan Circuit Court	f			
micirct1	ST	Circuit Court of the 1st Circuit of Michigan	Circuit Court of the 1st Circuit of Michigan	f			micirct
micirct10	ST	Circuit Court of the 10th Circuit of Michigan	Circuit Court of the 10th Circuit of Michigan	f			micirct
micirct11	ST	Circuit Court of the 11th Circuit of Michigan	Circuit Court of the 11th Circuit of Michigan	f			micirct
micirct12	ST	Circuit Court of the 12th Circuit of Michigan	Circuit Court of the 12th Circuit of Michigan	f			micirct
micirct13	ST	Circuit Court of the 13th Circuit of Michigan	Circuit Court of the 13th Circuit of Michigan	f			micirct
micirct14	ST	Circuit Court of the 14th Circuit of Michigan	Circuit Court of the 14th Circuit of Michigan	f			micirct
micirct15	ST	Circuit Court of the 15th Circuit of Michigan	Circuit Court of the 15th Circuit of Michigan	f			micirct
micirct16	ST	Circuit Court of the 16th Circuit of Michigan	Circuit Court of the 16th Circuit of Michigan	f			micirct
micirct17	ST	Circuit Court of the 17th Circuit of Michigan	Circuit Court of the 17th Circuit of Michigan	f			micirct
micirct18	ST	Circuit Court of the 18th Circuit of Michigan	Circuit Court of the 18th Circuit of Michigan	f			micirct
micirct19	ST	Circuit Court of the 19th Circuit of Michigan	Circuit Court of the 19th Circuit of Michigan	f			micirct
micirct2	ST	Circuit Court of the 2nd Circuit of Michigan	Circuit Court of the 2nd Circuit of Michigan	f			micirct
micirct20	ST	Circuit Court of the 20th Circuit of Michigan	Circuit Court of the 20th Circuit of Michigan	f			micirct
micirct21	ST	Circuit Court of the 21st Circuit of Michigan	Circuit Court of the 21st Circuit of Michigan	f			micirct
micirct22	ST	Circuit Court of the 22nd Circuit of Michigan	Circuit Court of the 22nd Circuit of Michigan	f			micirct
micirct23	ST	Circuit Court of the 23rd Circuit of Michigan	Circuit Court of the 23rd Circuit of Michigan	f			micirct
micirct24	ST	Circuit Court of the 24th Circuit of Michigan	Circuit Court of the 24th Circuit of Michigan	f			micirct
micirct25	ST	Circuit Court of the 25th Circuit of Michigan	Circuit Court of the 25th Circuit of Michigan	f			micirct
micirct26	ST	Circuit Court of the 26th Circuit of Michigan	Circuit Court of the 26th Circuit of Michigan	f			micirct
micirct27	ST	Circuit Court of the 27th Circuit of Michigan	Circuit Court of the 27th Circuit of Michigan	f			micirct
micirct28	ST	Circuit Court of the 28th Circuit of Michigan	Circuit Court of the 28th Circuit of Michigan	f			micirct
micirct29	ST	Circuit Court of the 29th Circuit of Michigan	Circuit Court of the 29th Circuit of Michigan	f			micirct
micirct3	ST	Circuit Court of the 3rd Circuit of Michigan	Circuit Court of the 3rd Circuit of Michigan	f			micirct
micirct30	ST	Circuit Court of the 30th Circuit of Michigan	Circuit Court of the 30th Circuit of Michigan	f			micirct
micirct31	ST	Circuit Court of the 31st Circuit of Michigan	Circuit Court of the 31st Circuit of Michigan	f			micirct
micirct32	ST	Circuit Court of the 32nd Circuit of Michigan	Circuit Court of the 32nd Circuit of Michigan	f			micirct
micirct33	ST	Circuit Court of the 33rd Circuit of Michigan	Circuit Court of the 33rd Circuit of Michigan	f			micirct
micirct34	ST	Circuit Court of the 34th Circuit of Michigan	Circuit Court of the 34th Circuit of Michigan	f			micirct
micirct35	ST	Circuit Court of the 35th Circuit of Michigan	Circuit Court of the 35th Circuit of Michigan	f			micirct
micirct36	ST	Circuit Court of the 36th Circuit of Michigan	Circuit Court of the 36th Circuit of Michigan	f			micirct
micirct37	ST	Circuit Court of the 37th Circuit of Michigan	Circuit Court of the 37th Circuit of Michigan	f			micirct
micirct38	ST	Circuit Court of the 38th Circuit of Michigan	Circuit Court of the 38th Circuit of Michigan	f			micirct
micirct39	ST	Circuit Court of the 39th Circuit of Michigan	Circuit Court of the 39th Circuit of Michigan	f			micirct
micirct4	ST	Circuit Court of the 4th Circuit of Michigan	Circuit Court of the 4th Circuit of Michigan	f			micirct
micirct40	ST	Circuit Court of the 40th Circuit of Michigan	Circuit Court of the 40th Circuit of Michigan	f			micirct
micirct41	ST	Circuit Court of the 41st Circuit of Michigan	Circuit Court of the 41st Circuit of Michigan	f			micirct
micirct42	ST	Circuit Court of the 42nd Circuit of Michigan	Circuit Court of the 42nd Circuit of Michigan	f			micirct
micirct43	ST	Circuit Court of the 43rd Circuit of Michigan	Circuit Court of the 43rd Circuit of Michigan	f			micirct
micirct44	ST	Circuit Court of the 44th Circuit of Michigan	Circuit Court of the 44th Circuit of Michigan	f			micirct
micirct45	ST	Circuit Court of the 45th Circuit of Michigan	Circuit Court of the 45th Circuit of Michigan	f			micirct
micirct46	ST	Circuit Court of the 46th Circuit of Michigan	Circuit Court of the 46th Circuit of Michigan	f			micirct
micirct47	ST	Circuit Court of the 47th Circuit of Michigan	Circuit Court of the 47th Circuit of Michigan	f			micirct
micirct48	ST	Circuit Court of the 48th Circuit of Michigan	Circuit Court of the 48th Circuit of Michigan	f			micirct
micirct49	ST	Circuit Court of the 49th Circuit of Michigan	Circuit Court of the 49th Circuit of Michigan	f			micirct
micirct5	ST	Circuit Court of the 5th Circuit of Michigan	Circuit Court of the 5th Circuit of Michigan	f			micirct
micirct50	ST	Circuit Court of the 50th Circuit of Michigan	Circuit Court of the 50th Circuit of Michigan	f			micirct
micirct51	ST	Circuit Court of the 51st Circuit of Michigan	Circuit Court of the 51st Circuit of Michigan	f			micirct
micirct52	ST	Circuit Court of the 52nd Circuit of Michigan	Circuit Court of the 52nd Circuit of Michigan	f			micirct
micirct53	ST	Circuit Court of the 53rd Circuit of Michigan	Circuit Court of the 53rd Circuit of Michigan	f			micirct
micirct54	ST	Circuit Court of the 54th Circuit of Michigan	Circuit Court of the 54th Circuit of Michigan	f			micirct
micirct55	ST	Circuit Court of the 55th Circuit of Michigan	Circuit Court of the 55th Circuit of Michigan	f			micirct
micirct56	ST	Circuit Court of the 56th Circuit of Michigan	Circuit Court of the 56th Circuit of Michigan	f			micirct
micirct57	ST	Circuit Court of the 57th Circuit of Michigan	Circuit Court of the 57th Circuit of Michigan	f			micirct
micirct6	ST	Circuit Court of the 6th Circuit of Michigan	Circuit Court of the 6th Circuit of Michigan	f			micirct
micirct7	ST	Circuit Court of the 7th Circuit of Michigan	Circuit Court of the 7th Circuit of Michigan	f			micirct
micirct8	ST	Circuit Court of the 8th Circuit of Michigan	Circuit Court of the 8th Circuit of Michigan	f			micirct
micirct9	ST	Circuit Court of the 9th Circuit of Michigan	Circuit Court of the 9th Circuit of Michigan	f			micirct
mieb	FB	United States Bankruptcy Court, E.D. Michigan	E.D. Michigan	t			
mied	FD	District Court, E.D. Michigan	E.D. Michigan	t			usdistct
minn	S	Supreme Court of Minnesota	Supreme Court of Minnesota	t	1858-05-24		
minnag	SAG	Minnesota Attorney General Reports	Minnesota Attorney General Reports	t			
minnctapp	SA	Court of Appeals of Minnesota	Court of Appeals of Minnesota	t	1983-11-01		
miss	S	Mississippi Supreme Court	Mississippi Supreme Court	t	1841-01-01		
misschanceryct	ST	Mississippi Chancery Courts	Mississippi Chancery Courts	f			
missctapp	SA	Court of Appeals of Mississippi	Court of Appeals of Mississippi	t	1995-01-01		
missd	FD	District Court, D. Mississippi	D. Mississippi	f	1818-04-03	1838-06-18	usdistct
miwb	FB	United States Bankruptcy Court, W.D. Michigan	W.D. Michigan	t			
miwd	FD	District Court, W.D. Michigan	W.D. Michigan	t			usdistct
mnb	FB	United States Bankruptcy Court, D. Minnesota	D. Minnesota	t			
mnd	FD	District Court, D. Minnesota	D. Minnesota	t			usdistct
mo	S	Supreme Court of Missouri	Supreme Court of Missouri	t	1821-01-01		
moag	SAG	Missouri Attorney General Reports	Missouri Attorney General Reports	t			
moctapp	SA	Missouri Court of Appeals	Missouri Court of Appeals	t	1820-01-01		
moctapped	SA	Missouri Court of Appeals, Eastern District	Mo. Ct. of App, East. Dist.	f			moctapp
moctappsd	SA	Missouri Court of Appeals, Southern District	Mo. Ct. App., So. Dist.	f			moctapp
moctappwd	SA	Missouri Court of Appeals, Western District	Mo. Ct. App., West. Dist.	f			moctapp
mod	FD	District Court, D. Missouri	D. Missouri	f	1822-03-16	1857-03-03	usdistct
moeb	FB	United States Bankruptcy Court, E.D. Missouri	E.D. Missouri	t			
moed	FD	District Court, E.D. Missouri	E.D. Missouri	t			usdistct
moheganct	TRT	Mohegan Trial Court	Mohegan Trial Court	t			
moheganctapp	TRA	Mohegan Tribal Court of Appeals	Mohegan Tribal Court of Appeals	t			
moheganelders	TRX	Council of Elders of the Mohegan Tribe	Council of Elders of the Mohegan Tribe	t			
mohegangct	TRX	Mohegan Gaming Disputes Trial Court	Mohegan Gaming Disputes Trial Court	t			
mohegangctapp	TRA	Mohegan Gaming Disputes Court of Appeals	Mohegan Gaming Disputes Court of Appeals	t			
mont	S	Montana Supreme Court	Montana Supreme Court	t	1864-01-01		
montag	SAG	Montana Attorney General Reports	Montana Attorney General Reports	t			
montereydistct	ST	Monterey District Court	Monterey District Court	f	1849-01-01	1879-12-31	caldistct
monttc	SS	Montana Tax Appeal Board	Montana Tax Appeal Board	t			
mowb	FB	United States Bankruptcy Court, W.D. Missouri	W.D. Missouri	t			
mowd	FD	District Court, W.D. Missouri	W.D. Missouri	t			usdistct
msnb	FB	United States Bankruptcy Court, N.D. Mississippi	N.D. Mississippi	t			
msnd	FD	District Court, N.D. Mississippi	N.D. Mississippi	t			usdistct
mspb	FS	Merit Systems Protection Board	Merit Systems Protection Board	t			
mssb	FB	United States Bankruptcy Court, S.D. Mississippi	S.D. Mississippi	t			
mssd	FD	District Court, S.D. Mississippi	S.D. Mississippi	t			usdistct
mtb	FB	United States Bankruptcy Court, D. Montana	D. Montana	t			
mtd	FD	District Court, D. Montana	D. Montana	t			
navajo	TRS	Navajo Nation Supreme Court	Navajo Nation Supreme Court	t			
navajochildct	TRX	Navajo Nation Children's Court	Navajo Nation Children's Court	t			
navajoctapp	TRA	Navajo Nation Court of Appeals	Navajo Nation Ct. App.	t			
navajofamct	TRX	Navajo Nation Family Court	Navajo Nation Family Court	t			
nc	S	Supreme Court of North Carolina	Supreme Court of North Carolina	t	1799-01-01		
ncbizct	SS	North Carolina Business Court	North Carolina Business Court	t			
ncctapp	SA	Court of Appeals of North Carolina	Court of Appeals of North Carolina	t	1968-01-01		
ncd	FD	District Court, D. North Carolina	D. North Carolina	f	1790-06-04	1802-04-29	usdistct
nceb	FB	United States Bankruptcy Court, E.D. North Carolina	E.D. North Carolina	t			
nced	FD	District Court, E.D. North Carolina	E.D. North Carolina	t			usdistct
ncmb	FB	United States Bankruptcy Court, M.D. North Carolina	M.D. North Carolina	t			
ncmd	FD	District Court, M.D. North Carolina	M.D. North Carolina	t			usdistct
ncsuperct	SA	Superior Court of North Carolina	Superior Court of North Carolina	t			
ncwb	FB	United States Bankruptcy Court, W.D. North Carolina	W.D. North Carolina	t			
ncwd	FD	District Court, W.D. North Carolina	W.D. North Carolina	t			usdistct
ncworkcompcom	SS	North Carolina Industrial Commission	North Carolina Industrial Commission	t			
nd	S	North Dakota Supreme Court	North Dakota Supreme Court	t	1861-01-01		
ndb	FB	United States Bankruptcy Court, D. North Dakota	D. North Dakota	t			
ndctapp	SA	North Dakota Court of Appeals	North Dakota Court of Appeals	t	1987-09-01		
ndd	FD	District Court, D. North Dakota	D. North Dakota	t			usdistct
neb	S	Nebraska Supreme Court	Nebraska Supreme Court	t	1854-01-01		
nebag	SAG	Nebraska Attorney General Reports	Nebraska Attorney General Reports	t			
nebctapp	SA	Nebraska Court of Appeals	Nebraska Court of Appeals	t	1991-11-06		
nebraskab	FB	United States Bankruptcy Court, D. Nebraska	D. Nebraska	t			
ned	FD	District Court, D. Nebraska	D. Nebraska	t			usdistct
nev	S	Nevada Supreme Court	Nevada Supreme Court	t	1864-01-01		
nevapp	SA	Court of Appeals of Nevada	Court of Appeals of Nevada	t			
nh	S	Supreme Court of New Hampshire	Supreme Court of New Hampshire	t	1776-01-01		
nhb	FB	United States Bankruptcy Court, D. New Hampshire	D. New Hampshire	t			
nhd	FD	District Court, D. New Hampshire	D. New Hampshire	t			usdistct
nhprivycounnh	SS	New Hampshire Committee of the Privy Council	New Hampshire Committee of the Privy Council	f			privycoun
nhsuperct	ST	Superior Court of New Hampshire	Superior Court of New Hampshire	f	1629-01-01	1776-07-03	
nj	S	Supreme Court of New Jersey	Supreme Court of New Jersey	t	1776-01-01		
njb	FB	United States Bankruptcy Court, D. New Jersey	D. New Jersey	t			
njch	SA	New Jersey Court of Chancery	New Jersey Court of Chancery	t	1684-01-01	1947-12-31	
njcirct	ST	New Jersey Circuit Court	New Jersey Circuit Court	f		1947-12-31	
njcirctatlantic	SA	Atlantic County Circuit Court, N.J.	Atlantic County Circuit Court, N.J.	f		1947-12-31	njcirct
njcirctbergen	SA	Bergen County Circuit Court, N.J.	Bergen County Circuit Court, N.J.	f		1947-12-31	njcirct
njcirctburlingt	SA	Burlington County Circuit Court, N.J.	Burlington County Circuit Court, N.J.	f		1947-12-31	njcirct
njcirctcamden	SA	Camden County Circuit Court, N.J.	Camden County Circuit Court, N.J.	f		1947-12-31	njcirct
njcirctcapemay	SA	Cape May County Circuit Court, N.J.	Cape May County Circuit Court, N.J.	f		1947-12-31	njcirct
njcirctcumberla	ST	Cumberland County Circuit Court, N.J.	Cumberland County Circuit Court, N.J.	f			njcirct
njcirctessex	ST	Essex County Circuit Court, N.J.	Essex County Circuit Court, N.J.	f			njcirct
njcirctgloucest	ST	Gloucester County Circuit Court, N.J.	Gloucester County Circuit Court, N.J.	f			njcirct
njcircthudson	SA	Hudson County Circuit Court, N.J.	Hudson County Circuit Court, N.J.	f		1947-12-31	njcirct
njcirctmercer	ST	Mercer County Circuit Court, N.J.	Mercer County Circuit Court, N.J.	f			njcirct
njcirctmiddlese	ST	Middlesex County Circuit Court, N.J.	Middlesex County Circuit Court, N.J.	f			njcirct
njcirctmonmouth	SA	Monmouth County Circuit Court, N.J.	Monmouth County Circuit Court, N.J.	f		1947-12-31	njcirct
njcirctmorris	SA	Morris County Circuit Court, N.J.	Morris County Circuit Court, N.J.	f		1947-12-31	njcirct
njcirctocean	SA	Ocean County Circuit Court, N.J.	Ocean County Circuit Court, N.J.	f		1947-12-31	njcirct
njcirctpassaic	SA	Passaic County Circuit Court, N.J.	Passaic County Circuit Court, N.J.	f		1947-12-31	njcirct
njcirctsomerset	SA	Somerset County Circuit Court, N.J.	Somerset County Circuit Court, N.J.	f		1947-12-31	njcirct
njcirctsussex	St	Sussex County Circuit Court, N.J.	Sussex County Circuit Court, N.J.	f			njcirct
njcirctunion	ST	Union County Circuit Court, N.J.	Union County Circuit Court, N.J.	f			njcirct
njcirctwarren	ST	Warren County Circuit Court, N.J.	Warren County Circuit Court, N.J.	f			njcirct
njcommned	SS	Commissioner of Education, N.J.	Commissioner of Education, N.J.	f			
njctcompl	ST	Court of Common Pleas of New Jersey	Ct. of Common Pleas of NJ	f	1704-01-01	1947-12-31	
njctpardons	SS	New Jersey Court of Pardons	New Jersey Court of Pardons	f			njcirct
njd	FD	District Court, D. New Jersey	D. New Jersey	t	1789-09-24		usdistct
njfamct	ST	New Jersey Family Court	New Jersey Family Court	f			
njfamctbergen	ST	Bergen County Family Court	Bergen County Family Court	f			njfamct
njfamctcamden	ST	Camden County Family Court	Camden County Family Court	f			njfamct
njfamctcapemay	ST	Cape May County Family Court	Cape May County Family Court	f			njfamct
njfamctcumberla	ST	Cumberland County Family Court	Cumberland County Family Court	f			njfamct
njfamctessex	ST	Essex County Family Court	Essex County Family Court	f			njfamct
njfamcthudson	ST	Hudson County Family Court	Hudson County Family Court	f			njfamct
njfamctmiddlese	ST	Middlesex County Family Court	Middlesex County Family Court	f			njfamct
njfamctmonmouth	ST	Monmouth County Family Court	Monmouth County Family Court	f			njfamct
njfamctmorris	ST	Morris County Family Court	Morris County Family Court	f			njfamct
njfamctpassaic	ST	Passaic County Family Court	Passaic County Family Court	f			njfamct
njfamctsalem	ST	Salem County Family Court	Salem County Family Court	f			njfamct
njfamctsomerset	ST	Somerset County Family Court	Somerset County Family Court	f			njfamct
njfamctsussex	ST	Sussex County Family Court	Sussex County Family Court	f			njfamct
njfamctunion	ST	Union County Family Court	Union County Family Court	f			njfamct
njlaborcomp	ST	New Jersey Department of Labor Workmen's Compensation Bureau	New Jersey Department of Labor Workmen's Compensation Bureau	f			
njlawbkconf	SS	New Jersey Lawyers and Bankers Conference Committee	New Jersey Lawyers and Bankers Conference Committee	f			
njmunict	ST	Municipal Courts of New Jersey	Municipal Courts of New Jersey	f			
njmunictbyram	ST	Byram Township Municipal Court	Byram Township Municipal Court	f			njmunict
njmunictdumont	ST	Borough of Dumont Municipal Court	Borough of Dumont Municipal Court	f			njmunict
njmunicthacken	ST	Hackensack City Municipal Court	Hackensack City Municipal Court	f			njmunict
njmunictnewark	ST	Newark Municipal Court	Newark Municipal Court	f			njmunict
njmunictprince	ST	Borough of Princeton Municipal Court	Borough of Princeton Municipal Court	f			njmunict
njmunictsussex	ST	Sussex County Municipal Court	Sussex County Municipal Court	f			njmunict
njoytermct	ST	Court of Oyer And Terminer of New Jersey	Court of Oyer And Terminer of New Jersey	f			
njpuc	ST	New Jersey Public Utilities Commission	New Jersey Public Utilities Commission	f			
njqrtsessessex	ST	Essex County Court of Quarter Sessions of New Jersey	Essex County Court of Quarter Sessions of New Jersey	f			
njqrtsessmorris	ST	Morris County Court of Quarter Sessions	Morris County Court of Quarter Sessions	f			
njrecct	ST	New Jersey Recorder's Court	New Jersey Recorder's Court	f			
njreccthoboken	SS	Hoboken City Recorder's Court.	Hoboken City Recorder's Court.	f			njrecct
njrecctmontcl	SS	Montclair Town Recorder's Court	Montclair Town Recorder's Court	f			njrecct
njspecstatct	SS	New Jersey Special Statutory Court	New Jersey Special Statutory Court	f			
njsuper	ST	New Jersey Superior Court	New Jersey Superior Court	f			
njsuperatlantic	ST	Atlantic County Superior Court	Atlantic County Superior Court	f			njsuper
njsuperbergen	ST	Bergen County Superior Court	Bergen County Superior Court	f			njsuper
njsuperburlingt	ST	Burlington County Superior Court	Burlington County Superior Court	f			njsuper
njsupercamden	ST	Camden County Superior Court	Camden County Superior Court	f			njsuper
njsupercapemay	ST	Cape May County Superior Court	Cape May County Superior Court	f			njsuper
njsuperctappdiv	SA	New Jersey Superior Court Appellate Division	New Jersey Superior Court App Division	t			
njsupercumberla	ST	Cumberland County Superior Court	Cumberland County Superior Court	f			njsuper
njsuperessex	ST	Essex County Superior Court	Essex County Superior Court	f			njsuper
njsupergloucest	ST	Gloucester County Superior Court	Gloucester County Superior Court	f			njsuper
njsuperhudson	ST	Hudson County Superior Court	Hudson County Superior Court	f			njsuper
njsuperhunterdo	ST	Hunterdon County Superior Court	Hunterdon County Superior Court	f			njsuper
njsupermercer	ST	Mercer County Superior Court	Mercer County Superior Court	f			njsuper
njsupermiddlese	ST	Middlesex County Superior Court	Middlesex County Superior Court	f			njsuper
njsupermonmouth	ST	Monmouth County Superior Court	Monmouth County Superior Court	f			njsuper
njsupermorris	ST	Morris County Superior Court	Morris County Superior Court	f			njsuper
njsuperocean	ST	Ocean County Superior Court	Ocean County Superior Court	f			njsuper
njsuperpassaic	ST	Passaic County Superior Court	Passaic County Superior Court	f			njsuper
njsupersalem	ST	Salem County Superior Court	Salem County Superior Court	f			njsuper
njsupersussex	ST	Sussex County Superior Court	Sussex County Superior Court	f			njsuper
njsuperwarren	ST	Warren County Superior Court	Warren County Superior Court	f			njsuper
njsurrct	ST	New Jersey Surrogate's Court	New Jersey Surrogate's Court	f			
njsurrctatlanti	ST	Atlantic County Surrogate's Court	Atlantic County Surrogate's Court	f			njsurrct
njsurrctbergen	ST	Bergen County Surrogate's Court	Bergen County Surrogate's Court	f			njsurrct
njsurrctcamden	ST	Camden County Surrogate's Court	Camden County Surrogate's Court	f			njsurrct
njsurrctcapemay	ST	Cape May County Surrogate's Court	Cape May County Surrogate's Court	f			njsurrct
njsurrctessex	ST	Essex County Surrogate's Court	Essex County Surrogate's Court	f			njsurrct
njsurrcthudson	ST	Hudson County Surrogate's Court	Hudson County Surrogate's Court	f			njsurrct
njsurrctmiddles	ST	Middlesex County Surrogate's Court	Middlesex County Surrogate's Court	f			njsurrct
njsurrctmonmout	ST	Monmouth County Surrogate's Court	Monmouth County Surrogate's Court	f			njsurrct
njsurrctsomerse	ST	Somerset County Surrogate's Court	Somerset County Surrogate's Court	f			njsurrct
njsurrctwarren	ST	Warren County Surrogate's Court	Warren County Surrogate's Court	f			njsurrct
njtaxct	SS	New Jersey Tax Court	New Jersey Tax Court	t			
nm	S	New Mexico Supreme Court	New Mexico Supreme Court	t	1841-01-01		
nmariana	TS	Supreme Court of The Commonwealth of The Northern Mariana Islands	Sup. Ct. of the Comm. of the N. Mariana Islands	t			
nmb	FB	United States Bankruptcy Court, D. New Mexico	D. New Mexico	t			
nmcca	MA	Navy-Marine Corps Court of Criminal Appeals	Navy-Marine Corps Court of Criminal Appeals	t			
nmctapp	SA	New Mexico Court of Appeals	New Mexico Court of Appeals	t	1966-04-01		
nmd	FD	District Court, D. New Mexico	D. New Mexico	t			usdistct
nmib	FB	United States Bankruptcy Court, Northern Mariana Islands	Northern Mariana Islands	t			
nmid	FD	District Court, Northern Mariana Islands	Northern Mariana Islands	t			usdistct
nvb	FB	United States Bankruptcy Court, D. Nevada	D. Nevada	t			
nvd	FD	District Court, D. Nevada	D. Nevada	t			usdistct
ny	S	New York Court of Appeals	New York Court of Appeals	t	1777-01-01		
nyag	SAG	New York Attorney General Reports	New York Attorney General Reports	t			
nyalbanycityct	ST	Albany City Court	Albany City Court	f			nycityct
nyalbanyctyct	ST	New York County Court, Albany County	Albany County Court	f			nycountyct
nyalbanyjustct	ST	Albany City Police Court	Albany City Police Court	f			nyjustct
nyalbspecsess	ST	Albany Court of Special Sessions	Albany Court of Special Sessions	f	1732-01-01	1962-08-31	nyspecsessct
nyalleganyctyct	ST	New York County Court, Allegany County	Allegany County Court	f			nycountyct
nyamherstjustct	ST	Amherst Town Court	Amherst Town Court	f			nyjustct
nyamsterdcityct	ST	Amsterdam City Court	Amsterdam City Court	f			nycityct
nyappdiv	SA	Appellate Division of the Supreme Court of the State of New York	Appellate Division of the Supreme Court of New York	t	1896-01-01		
nyappterm	SA	Appellate Terms of the Supreme Court of New York	Appellate Terms of the Supreme Court of New York	t	1896-01-01		
nyarbct	SS	Court Of Arbitration Of The Chamber Of Commerce Of New York	Court Of Arbitration Of The Chamber Of Commerce Of New York	f			
nyauburncityct	ST	Auburn City Court	Auburn City Court	f			nycityct
nybataviacityct	ST	Batavia City Court	Batavia City Court	f			nycityct
nybedfordjustct	ST	Justice Court of Town of Bedford	Justice Court of Town of Bedford	f			nyjustct
nybingcityct	ST	Binghamton City Court	Binghamton City Court	f			nycityct
nybronxctyct	ST	Bronx County Court	Bronx County Court	f			nycountyct
nybroomectyct	ST	New York County Court, Broome County	Broome County Court	f			nycountyct
nybuffalocityct	ST	Buffalo City Court	Buffalo City Court	f			nycityct
nycanandcityct	ST	Canandaigua City Court	Canandaigua City Court	f			nycityct
nycattctyct	ST	New York County Court, Cattaraugus County	Cattaraugus County Court	f			nycountyct
nycayugactyct	ST	New York County Court, Cayuga County 	Cayuga County Court	f			nycountyct
nycfamct	ST	New York City Family Court	NYC Family Court	f			nyfamct
nychanct	S	New York Court of Chancery	New York Court of Chancery	f	1701-01-01	1847-12-31	
nychanctsara	SS	Saratoga Chancery Court	Saratoga Chancery Court	f			nychanct
nychautctyct	ST	New York County Court, Chautauqua County	Chautauqua County Court	f			nycountyct
nychemungctyct	ST	New York County Court, Chemung County	Chemung County Court	f			nycountyct
nychenangoctyct	ST	New York County Court, Chenango County	Chenango County Court	f			nycountyct
nyciralbanycty	ST	New York Circuit Court, Albany County	New York Circuit Court, Albany County	f	1821-01-01	1846-12-31	nycirct
nycircolcty	ST	New York Circuit Court, Columbia County	New York Circuit Court, Columbia County	f	1821-01-01	1846-12-31	nycirct
nycirct	ST	New York Circuit Court	New York Circuit Court	f	1821-01-01	1846-12-31	
nycirdelcty	ST	New York Circuit Court, Delaware County	New York Circuit Court, Delaware County	f	1821-01-01	1846-12-31	nycirct
nycirdutchcty	ST	New York Circuit Court, Dutchess County	New York Circuit Court, Dutchess County	f	1821-01-01	1846-12-31	nycirct
nycirkingscty	ST	New York Circuit Court, Kings County	New York Circuit Court, Kings County	f	1821-01-01	1846-12-31	nycirct
nycirmonroecty	ST	New York Circuit Court, Monroe County	New York Circuit Court, Monroe County	f	1821-01-01	1846-12-31	nycirct
nycironeidacty	ST	New York Circuit Court, Oneida County	New York Circuit Court, Oneida County	f	1821-01-01	1846-12-31	nycirct
nyciroswegocty	ST	New York Circuit Court, Oswego County	New York Circuit Court, Oswego County	f	1821-01-01	1846-12-31	nycirct
nycityct	ST	New York City Court	New York City Court	f			
nycityctclinton	ST	Clinton City Court, New York	Clinton City Court	f			nycityct
nycityctlittlef	ST	City Court Of Little Falls, New York	City Court Of Little Falls	f			nycityct
nycityctnorw	ST	Norwich City Court, New York	Norwich City Court	f			nycityct
nycityctrenss	ST	Rensselaer City Court, New York	Rensselaer City Court	f			nycityct
nycitycttomp	ST	Tompkins City Court, New York	Tompkins City Court	f			nycityct
nycivct	SS	Civil Court of the City of New York	Civil Court of the City of New York	t			
nycivctbronx	ST	Civil Court Of The City Of New York, Bronx County	NYC Civil Court, Bronx	f			nycivct
nycivctkings	ST	Civil Court Of The City Of New York, Kings County	NYC Civil Court, Kings	f			nycivct
nycivctny	ST	Civil Court Of The City Of New York, New York County	NYC Civil Court, New York	f			nycivct
nycivctqueens	ST	Civil Court Of The City Of New York, Queens County	NYC Civil Court, Queens	f			nycivct
nycivctrichm	ST	Civil Court Of The City Of New York, Richmond County	NYC Civil Court, Richmond	f			nycivct
nyclaimsct	SS	New York Court of Claims	New York State Court of Claims	f	1817-01-01		
nyclintonctyct	ST	New York County Court, Clinton County	Clinton County Court	f			nycountyct
nycohoescityct	ST	Cohoes City Court	Cohoes City Court	f			nycityct
nycoloniejustct	ST	Colonie Justice Court	Colonie Justice Court	f			nyjustct
nycolumctyct	ST	New York County Court, Columbia County	New York County Court, Columbia County	f			nycountyct
nycommnapp	SS	Commission of Appeals	Commission of Appeals	f			
nyconct	SS	Constitutional Court of New York	Constitutional Court of New York	f			
nycortlandctyct	ST	New York County Court, Cortland County	Cortland County Court	f			nycountyct
nycortlcityct	ST	Cortland City Court	Cortland City Court	f			nycityct
nycountyct	ST	New York County Courts	New York County Courts	t			
nycountyctny	ST	New York County Court, New York County	New York County Court	f			nycountyct
nycrimct	SS	Criminal Court of the City of New York	Criminal Court of the City of New York	t			
nycrimctbronx	ST	The Criminal Court of the City of New York, Bronx	Bronx Criminal Court	f			nycrimct
nycrimctkings	ST	The Criminal Court of the City of New York, Kings	Kings Criminal Court	f			nycrimct
nycrimctnyc	ST	The Criminal Court of the City of New York, New York	New York Criminal Court	f			nycrimct
nycrimctqueens	ST	The Criminal Court of the City of New York, Queens	Queens Criminal Court	f			nycrimct
nycrimctrichm	ST	The Criminal Court of the City of New York, Richmond	NYC Criminal Court, Richmond	f			nycrimct
nyctassizes	SS	New York Court of Assizes	New York Court of Assizes	f			
nyctcompl	ST	New York Court of Common Pleas	New York Court of Common Pleas	f	1686-01-01	1895-12-31	
nycterr	SS	Court for the Trial of Impeachments and Correction of Errors	Court for the Trial of Impeachments and Correction of Errors	f	1777-01-01	1846-12-31	
nyd	FD	District Court, D. New York	D. New York	f	1789-09-24	1814-04-09	usdistct
nydelawarectyct	ST	New York County Court, Delaware County	Delaware County Court	f			nycountyct
nydistct	ST	New York District Court	New York District Court	t	1937-01-01		
nydistctnassau	ST	Nassau County District Court	Nassau County District Court	f	1937-01-01		nydistct
nydistctsuffolk	ST	Suffolk County District Court	Suffolk County District Court	f	1937-01-01		nydistct
nydunkirkcityct	ST	Dunkirk City Court	Dunkirk City Court	f			nycityct
nydutchessctyct	ST	New York County Court, Dutchess County	Dutchess County Court	f			nycountyct
nyeb	FB	United States Bankruptcy Court, E.D. New York	E.D. New York	t			
nyed	FD	District Court, E.D. New York	E.D. New York	t			usdistct
nyelmiracityct	ST	Elmira City Court	Elmira City Court	f			nycityct
nyeriectyct	ST	New York County Court, Erie County	Erie County Court	f			nycountyct
nyessexctyct	ST	New York County Court, Essex County	Essex County Court	f			nycountyct
nyexecchamber	SS	New York Executive Chamber	New York Executive Chamber	f			
nyfamct	SS	New York Family Court	New York Family Court	t	1962-09-01		
nyfamctalbany	ST	New York Family Court, Albany County	Albany Family Court	f			nyfamct
nyfamctalleg	ST	New York Family Court, Allegany County	Allegany Family Court	f			nyfamct
nyfamctbronx	ST	New York Family Court, Bronx County	Bronx Family Court	f			nyfamct
nyfamctchauta	ST	New York Family Court, Chautauqua County	Chautauqua Family Court	f			nyfamct
nyfamctchemung	ST	New York Family Court, Chemung County	Chemung Family Court	f			nyfamct
nyfamctclinton	ST	New York Family Court, Clinton County	Clinton Family Court	f			nyfamct
nyfamctdel	ST	Delaware Children's Court	Delaware Children's Court	f			nyfamct
nyfamctdutch	ST	New York Family Court, Dutchess County	Dutchess Family Court	f			nyfamct
nyfamcterie	ST	New York Family Court, Erie County	Erie Family Court	f			nyfamct
nyfamctessex	ST	New York Family Court, Essex County	Essex Family Court	f			nyfamct
nyfamctfrank	ST	New York Family Court, Franklin County	Franklin Family Court	f			nyfamct
nyfamctgenesee	ST	New York Family Court, Genesee County	Genesee Family Court	f			nyfamct
nyfamctgreene	ST	New York Family Court, Greene County	Greene Family Court	f			nyfamct
nyfamctjeff	ST	New York Family Court, Jefferson County	Jefferson Family Court	f			nyfamct
nyfamctkings	ST	New York Family Court, Kings County	Kings Family Court	f			nyfamct
nyfamctmadison	ST	New York Family Court, Madison County	Madison Family Court	f			nyfamct
nyfamctmonroe	ST	New York Family Court, Monroe County	Monroe Family Court	f			nyfamct
nyfamctmontg	ST	New York Family Court, Montgomery County	Montgomery Family Court	f			nyfamct
nyfamctnassau	ST	New York Family Court, Nassau County	Nassau Family Court	f			nyfamct
nyfamctniagara	ST	New York Family Court, Niagara County	Niagara Family Court	f			nyfamct
nyfamctoneida	ST	New York Family Court, Oneida County	Oneida Family Court	f			nyfamct
nyfamctonond	ST	New York Family Court, Onondaga County	Onondaga Family Court	f			nyfamct
nyfamctontario	ST	New York Family Court, Ontario County	Ontario Family Court	f			nyfamct
nyfamctorange	ST	New York Family Court, Orange County	Orange Family Court	f			nyfamct
nyfamctoswego	ST	New York Family Court, Oswego County	Oswego Family Court	f			nyfamct
nyfamctotsego	ST	New York Family Court, Otsego County	Otsego Family Court	f			nyfamct
nyfamctqueens	ST	New York Family Court, Queens County	Queens Family Court	f			nyfamct
nyfamctrenss	ST	New York Family Court, Rensselaer County	Rensselaer Family Court	f			nyfamct
nyfamctrich	ST	New York Family Court, Richmond County	Richmond Family Court	f			nyfamct
nyfamctrockl	ST	New York Family Court, Rockland County	Rockland Family Court	f			nyfamct
nyfamctsaratoga	ST	New York Family Court, Saratoga County	Saratoga Family Court	f			nyfamct
nyfamctschuyler	ST	New York Family Court, Schuyler County	Schuyler Family Court	f			nyfamct
nyfamctseneca	ST	New York Family Court, Seneca County	Seneca Family Court	f			nyfamct
nyfamctsteuben	ST	New York Family Court, Steuben County	Steuben Family Court	f			nyfamct
nyfamctstl	ST	New York Family Court, St. Lawrence County	St. Lawrence Family Court	f			nyfamct
nyfamctsuffolk	ST	New York Family Court, Suffolk County	Suffolk Family Court	f			nyfamct
nyfamctsull	ST	Sullivan County Children's Court	Sullivan County Children's Court	f			nyfamct
nyfamcttompkins	ST	New York Family Court, Tompkins County	Tompkins Family Court	f			nyfamct
nyfamctulster	ST	New York Family Court, Ulster County	Ulster Family Court	f			nyfamct
nyfamctwarren	ST	New York Family Court, Warren County	Warren Family Court	f			nyfamct
nyfamctwashing	ST	New York Family Court, Washington County	Washington Family Court	f			nyfamct
nyfamctwayne	ST	New York Family Court, Wayne County	Wayne Family Court	f			nyfamct
nyfamctwestch	ST	Westchester County Children's Court	Westchester County Children's Court	f			nyfamct
nyfamctyates	ST	New York Family Court, Yates County	Yates Family Court	f			nyfamct
nyfrankctyct	ST	New York County Court, Franklin County	New York County Court, Franklin County	f			nycountyct
nyfultoncityct	ST	Fulton City Court	Fulton City Court	f			nycityct
nyfultonctyct	ST	New York County Court, Fulton County	Fulton County Court	f			nycountyct
nygardjust	ST	Garden City Police Court	Garden City Police Court	f			nyjustct
nygenessctyct	ST	New York County Court, Genesee County	New York County Court, Genesee County	f			nycountyct
nygenevacityct	ST	Geneva City Court	Geneva City Court	f			nycityct
nygensess	ST	New York Court of General Session of the Peace	New York Court of General Session of the Peace	f	1683-10-17	1962-09-01	
nygensesslewis	ST	New York Court of General Sessions, Lewis County	New York Court of General Sessions, Lewis County	f	1683-10-17	1962-09-01	nygensess
nyglensfcityct	ST	Glens Falls City Court	Glens Falls City Court	f			nycityct
nygloverscityct	ST	Gloversville City Court	Gloversville City Court	f			nycityct
nygreenbjustct	ST	Justice Court of Town of Greenburgh	Justice Court of Town of Greenburgh	f			nyjustct
nygreenectyct	ST	New York County Court, Greene County	Greene County Court	f			nycountyct
nygtnkpljustct	ST	Great Neck Plaza Village Court	Great Neck Plaza Village Court	f			nyjustct
nyhamilctyct	ST	New York County Court, Hamilton County	New York County Court, Hamilton County	f			nycountyct
nyhempjustct	ST	Hempstead Justice Court	Hempstead Justice Court	f			nyjustct
nyherkimerctyct	ST	New York County Court, Herkimer County	Herkimer County Court	f			nycountyct
nyhornellcityct	ST	Hornell City Court	Hornell City Court	f			nycityct
nyhospcommn	SA	New York State Hospital Commission	New York State Hospital Commission	f			
nyhudsoncityct	ST	Hudson City Court	Hudson City Court	f			nycityct
nyhunterjustct	ST	Hunter Justice Court	Hunter Justice Court	f			nyjustct
nyhydepkjustct	ST	Hyde Park Justice Court	Hyde Park Justice Court	f			nyjustct
nyithacacityct	ST	Ithaca City Court	Ithaca City Court	f			nycityct
nyjamescityct	ST	Jamestown City Court	Jamestown City Court	f			nycityct
nyjeffctyct	ST	New York County Court, Jefferson County	New York County Court, Jefferson County	f			nycountyct
nyjudct	SS	New York Court on the Judiciary	New York Court on the Judiciary	f			
nyjustct	ST	New York Justice Court	New York Town and Village Courts	t	1790-01-01		
nyjustctamsterd	ST	Amsterdam Police Court	Amsterdam Police Court	f			nyjustct
nyjustctarcadia	ST	Arcadia Justice Court	Arcadia Justice Court	f			nyjustct
nyjustctardsley	ST	Justice Court of Village of Ardsley	Ardsley Justice Court	f			nyjustct
nyjustctaurora	ST	Aurora Justice Court	Aurora Justice Court	f			nyjustct
nyjustctbellp	ST	Justice Court of the Village of Bellport	Bellport Village Court	f			nyjustct
nyjustctbethl	ST	Justice Court Of The Town Of Bethlehem	Bethlehem Justice Court	f			nyjustct
nyjustctblasdel	ST	Justice Court of Village of Blasdell	Blasdell Justice Court	f			nyjustct
nyjustctbriarcl	ST	Justice Court of Village of Briarcliff Manor	Briarcliff Manor Justice Court	f			nyjustct
nyjustctbrighto	ST	Justice Court of Town of Brighton	Brighton Justice Court	f			nyjustct
nyjustctbronxvi	ST	Justice Court of Village of Bronxville	Bronxville Justice Court	f			nyjustct
nyjustctcambria	ST	Justice Court Of The Town Of Cambria	Cambria Town Court	f			nyjustct
nyjustctcamillu	ST	Camillus Justice Court	Camillus Justice Court	f			nyjustct
nyjustctcanaan	ST	Canaan Justice Court	Canaan Justice Court	f			nyjustct
nyjustctcanton	ST	Canton Justice Court	Canton Justice Court	f			nyjustct
nyjustctcarmel	ST	Justice Court of Town of Carmel	Carmel Justice Court	f			nyjustct
nyjustctcayugah	ST	Justice Court of Village of Cayuga Heights	Cayuga Heights Justice Court	f			nyjustct
nyjustctchatam	ST	Justice Court of Town of Chatam	Chatam Justice Court	f			nyjustct
nyjustctcheekto	ST	Cheektowaga Justice Court	Cheektowaga Justice Court	f			nyjustct
nyjustctchenang	ST	Chenango Justice Court	Chenango Justice Court	f			nyjustct
nyjustctchili	ST	Chili Justice Court	Chili Justice Court	f			nyjustct
nyjustctclarks	ST	Clarkstown Justice Court	Clarkstown Justice Court	f			nyjustct
nyjustctclifton	ST	Clifton Park Justice Court	Clifton Park Justice Court	f			nyjustct
nyjustctclinton	ST	Justice Court of the Town of Clinton	Clinton Town Court	f			nyjustct
nyjustctcohoes	ST	Cohoes Police Court	Cohoes Police Court	f			nyjustct
nyjustctcornwal	ST	Cornwall Justice Court	Cornwall Justice Court	f			nyjustct
nyjustctcortlan	ST	Cortlandt Town Court	Cortlandt Town Court	f			nyjustct
nyjustctdeerp	ST	Justice Court of the Town of Deerpark	Deerpark Town Court	f			nyjustct
nyjustctdepew	ST	Depew Justice Court	Depew Justice Court	f			nyjustct
nyjustctdewitt	ST	DeWitt Justice Court	DeWitt Justice Court	f			nyjustct
nyjustctdickins	ST	Dickinson Justice Court	Dickinson Justice Court	f			nyjustct
nyjustctdix	ST	Dix Town Court	Dix Town Court	f			nyjustct
nyjustctdobbsfe	ST	Dobbs Ferry Justice Court	Dobbs Ferry Justice Court	f			nyjustct
nyjustcteastche	ST	Eastchester Justice Court	Eastchester Justice Court	f			nyjustct
nyjustcteastroc	ST	East Rochester Justice Court	East Rochester Justice Court	f			nyjustct
nyjustctefishk	ST	Justice Court Of The Town Of East Fishkill	East Fishkill Town Court	f			nyjustct
nyjustctelma	ST	Elma Justice Court	Elma Justice Court	f			nyjustct
nyjustctelmsfor	ST	Justice Court of Village of Elmsford	Elmsford Justice Court	f			nyjustct
nyjustctfairpor	ST	Justice Court of Village of Fairport	Fairport Justice Court	f			nyjustct
nyjustctfarmi	ST	Justice Court of the Village of Farmingdale	Farmingdale Village Court	f			nyjustct
nyjustctfishkil	ST	Justice Court of Town of Fishkill	Fishkill Justice Court	f			nyjustct
nyjustctfleisch	ST	Justice Court of Village of Fleischmanns	Fleischmanns Justice Court	f			nyjustct
nyjustctfrankfo	ST	Frankfort Justice Court	Frankfort Justice Court	f			nyjustct
nyjustctgates	ST	Gates Town Court	Gates Town Court	f			nyjustct
nyjustctgeneseo	ST	Geneseo Justice Court	Geneseo Justice Court	f			nyjustct
nyjustctgeneva	ST	Justice Court of the Town of Geneva	Geneva Town Court	f			nyjustct
nyjustctgreece	ST	Greece Justice Court	Greece Justice Court	f			nyjustct
nyjustctgreenpo	ST	Town of Greenport Justice Court	Greenport Justice Court	f			nyjustct
nyjustcthampt	ST	Justice Court Of The Town Of Hamptonburgh	Hamptonburgh Town Court	f			nyjustct
nyjustctharriso	ST	Harrison Town Court	Harrison Town Court	f			nyjustct
nyjustcthasting	ST	Justice Court of Village of Hastings-on-Hudson	Hastings-on-Hudson Justice Court	f			nyjustct
nyjustcthaverst	ST	Haverstraw Justice Court	Haverstraw Justice Court	f			nyjustct
nyjustcthenriet	ST	Henrietta Justice Court	Henrietta Justice Court	f			nyjustct
nyjustctherkime	ST	Herkimer Justice Court	Herkimer Justice Court	f			nyjustct
nyjustcthighlan	ST	Highlands Justice Court	Highlands Justice Court	f			nyjustct
nyjustcthorsehe	ST	Horseheads Justice Court	Horseheads Justice Court	f			nyjustct
nyjustcthunting	ST	Justice Court of Village of Huntington Bay	Huntington Bay Justice Court	f			nyjustct
nyjustctirondeq	ST	Justice Court of Town of Irondequoit	Irondequoit Justice Court	f			nyjustct
nyjustctkingsbu	ST	Kingsbury Justice Court	Kingsbury Justice Court	f			nyjustct
nyjustctkingspo	ST	Justice Court of Village of Kings Point	Kings Point Justice Court	f			nyjustct
nyjustctlarchmo	ST	Justice Court of Village of Larchmont	Larchmont Justice Court	f			nyjustct
nyjustctlatting	ST	Lattingtown Village Court	Lattingtown Village Court	f			nyjustct
nyjustctlindenh	ST	Justice Court of Village of Lindenhurst	Lindenhurst Justice Court	f			nyjustct
nyjustctlloydha	ST	Lloyd Harbor Village Police Court	Lloyd Harbor Village Police Court	f			nyjustct
nyjustctlockpor	ST	Justice Court of Town of Lockport	Lockport Justice Court	f			nyjustct
nyjustctlowvill	ST	Lowville Justice Court	Lowville Justice Court	f			nyjustct
nyjustctlynbroo	ST	Village Justice Court of Village of Lynbrook	Lynbrook Justice Court	f			nyjustct
nyjustctmamaron	ST	Mamaroneck Justice Court	Mamaroneck Justice Court	f			nyjustct
nyjustctmassape	ST	Justice Court of Village of Massapequa	Massapequa Justice Court	f			nyjustct
nyjustctmassena	ST	Massena City Police Court	Massena City Police Court	f			nyjustct
nyjustctmaybroo	ST	Maybrook Police Court	Maybrook Police Court	f			nyjustct
nyjustctmendon	ST	Mendon Justice Court	Mendon Justice Court	f			nyjustct
nyjustctmillert	ST	Millerton Village Court	Millerton Village Court	f			nyjustct
nyjustctmills	ST	New York Mills Village Court	New York Mills Village Court	f			nyjustct
nyjustctmonroe	ST	Monroe Justice Court	Monroe Justice Court	f			nyjustct
nyjustctmonte	ST	Justice Court of Village of Montebello	Montebello Village Court	f			nyjustct
nyjustctmontice	ST	Justice Court of Village of Monticello	Monticello Justice Court	f			nyjustct
nyjustctmountki	ST	Mount Kisco Police Court	Mount Kisco Police Court	f			nyjustct
nyjustctmutton	ST	Justice Court of Village of Muttontown	Muttontown Justice Court	f			nyjustct
nyjustctnewark	ST	Justice Court of Village of Newark	Newark Justice Court	f			nyjustct
nyjustctnewburg	ST	Justice Court of Town of Newburgh	Newburgh Justice Court	f			nyjustct
nyjustctnewpalt	ST	New Paltz Justice Court	New Paltz Justice Court	f			nyjustct
nyjustctnewscot	ST	Justice Court Of The Town Of New Scotland	New Scotland Town Court	f			nyjustct
nyjustctnewwind	ST	New Windsor Justice Court	New Windsor Justice Court	f			nyjustct
nyjustctniska	ST	Justice Court of the Town of Niskayuna	Niskayuna Town Court	f			nyjustct
nyjustctnorthca	ST	North Castle Justice Court	North Castle Justice Court	f			nyjustct
nyjustctnorthgr	ST	North Greenbush Justice Court	North Greenbush Justice Court	f			nyjustct
nyjustctnorthhi	ST	Justice Court of Village of North Hills	North Hills Justice Court	f			nyjustct
nyjustctnorthp	ST	Justice Court of the Village of Northport	Northport Village Court	f			nyjustct
nyjustctoakfiel	ST	Oakfield Justice Court	Oakfield Justice Court	f			nyjustct
nyjustctoceanbe	ST	Justice Court of Village of Ocean Beach	Ocean Beach Justice Court	f			nyjustct
nyjustctogden	ST	Ogden Justice Court	Ogden Justice Court	f			nyjustct
nyjustctonondag	ST	Onondaga Town Court	Onondaga Town Court	f			nyjustct
nyjustctorange	ST	Orangetown Justice Court	Orangetown Justice Court	f			nyjustct
nyjustctorchard	ST	Justice Court of Village of Orchard Park	Orchard Park Justice Court	f			nyjustct
nyjustctossinin	ST	Justice Court of Town of Ossining	Ossining Justice Court	f			nyjustct
nyjustctowego	ST	Owego Justice Court	Owego Justice Court	f			nyjustct
nyjustctoysterb	ST	Justice Court Of The Village Of Oyster Bay Cove	Oyster Bay Cove Village Court	f			nyjustct
nyjustctparma	ST	Justice Court of Village of Parma	Parma Village Court	f			nyjustct
nyjustctpendl	ST	Justice Court of Town of Pendleton	Pendleton Town Court	f			nyjustct
nyjustctpenfiel	ST	Penfield Justice Court	Penfield Justice Court	f			nyjustct
nyjustctperinto	ST	Justice Court of Town of Perinton	Perinton Justice Court	f			nyjustct
nyjustctpierm	ST	Justice Court of the Village of Piermont	Piermont Village Court	f			nyjustct
nyjustctpleasan	ST	Pleasant Valley Justice Court	Pleasant Valley Justice Court	f			nyjustct
nyjustctportche	ST	Justice Court of Village of Port Chester	Port Chester Justice Court	f			nyjustct
nyjustctportwa	ST	Justice Court of Village of Port Washington	Port Washington Village Court	f			nyjustct
nyjustctpoughke	ST	Poughkeepsie Justice Court	Poughkeepsie Justice Court	f			nyjustct
nyjustctpoundri	ST	Justice Court of Village of Pound Ridge	Pound Ridge Justice Court	f			nyjustct
nyjustctramapo	ST	Justice Court of Town of Ramapo	Ramapo Justice Court	f			nyjustct
nyjustctredhook	ST	Justice Court of Village of Red Hook	Red Hook Justice Court	f			nyjustct
nyjustctrhinebe	ST	Justice Court of Town of Rhinebeck	Rhinebeck Justice Court	f			nyjustct
nyjustctrockvil	ST	Rockville Centre Village Court	Rockville Centre Village Court	f			nyjustct
nyjustctroslynh	ST	Justice Court of Village of Roslyn Harbor	Roslyn Harbor Justice Court	f			nyjustct
nyjustctsandlak	ST	Sand Lake Justice Court	Sand Lake Justice Court	f			nyjustct
nyjustctscarsda	ST	Justice Court of Scarsdale	Scarsdale Justice Court	f			nyjustct
nyjustctschuyle	ST	Schuyler Justice Court	Schuyler Justice Court	f			nyjustct
nyjustctseaclif	ST	Sea Cliff Justice Court	Sea Cliff Justice Court	f			nyjustct
nyjustctsleepyh	ST	Justice Court of Village of Sleepy Hollow	Sleepy Hollow Justice Court	f			nyjustct
nyjustctsomers	ST	Justice Court of the Town of Somers	Somers Town Court	f			nyjustct
nyjustctsouthny	ST	Justice Court of Village of South Nyack	South Nyack Justice Court	f			nyjustct
nyjustctspringc	ST	Spring City Police Court	Spring City Police Court	f			nyjustct
nyjustctspringv	ST	Justice Court of Village of Spring Valley	Spring Valley Justice Court	f			nyjustct
nyjustctstarkey	ST	Starkey Town Court	Starkey Town Court	f			nyjustct
nyjustctstuyv	ST	Justice Court Of The Town Of Stuyvesant, Columbia County	Stuyvesant Town Court	f			nyjustct
nyjustctsuffern	ST	Justice Court of Village of Suffern	Suffern Justice Court	f			nyjustct
nyjustcttarryt	ST	Justice Court of The Town Of Tarrytown	Tarrytown Town Court	f			nyjustct
nyjustctthenyac	ST	Justice Court of the Village of Nyack	Nyack Justice Court	f			nyjustct
nyjustcttonawan	ST	Justice Court of Tonawanda	Tonawanda Justice Court	f			nyjustct
nyjustcttuckaho	ST	Justice Court of Village of Tuckahoe	Tuckahoe Justice Court	f			nyjustct
nyjustcttuxedo	ST	Justice Court of the Village of Tuxedo	Tuxedo Justice Court	f			nyjustct
nyjustctulster	ST	Ulster Justice Court	Ulster Justice Court	f			nyjustct
nyjustctwapping	ST	Wappinger Justice Court	Wappinger Justice Court	f			nyjustct
nyjustctwells	ST	Justice Court of Town of Wells	Wells Town Court	f			nyjustct
nyjustctwestbur	ST	Justice Court of Village of Westbury	Westbury Justice Court	f			nyjustct
nyjustctwoodbur	ST	Woodbury Justice Court	Woodbury Justice Court	f			nyjustct
nyjustctwoodsto	ST	Justice Court of Village of Woodstock	Woodstock Justice Court	f			nyjustct
nyjustctyonkers	ST	Yonkers Justice Court	Yonkers Justice Court	f			nyjustct
nyjustctyork	ST	Justice Court of Town of Yorktown	Yorktown Justice Court	f			nyjustct
nykensjustct	ST	Kensington Village Court	Kensington Village Court	f			nyjustct
nykinderjustct	ST	Kinderhook Justice Court	Kinderhook Justice Court	f			nyjustct
nykingsctyct	ST	New York County Court, Kings County	Kings County Court	f			nycountyct
nykingstcityct	ST	Kingston City Court	Kingston City Court	f			nycityct
nylackawcityct	ST	Lackawanna City Court	Lackawanna City Court	f			nycityct
nylagrjustct	ST	LaGrange Justice Court	LaGrange Justice Court	f			nyjustct
nylbccityct	ST	Long Beach City Court	Long Beach City Court	f			nycityct
nylewisctyct	ST	New York County Court, Lewis County	Lewis County Court	f			nycountyct
nylivingstctyct	ST	New York County Court, Livingston County	Livingston County Court	f			nycountyct
nylockpcityct	ST	Lockport City Court, New York	Lockport City Court	f			nycityct
nymadctyct	ST	New York County Court, Madison County	New York County Court, Madison County	f			nycountyct
nymagct	ST	New York Magistrate Court	New York Magistrate Court	f			
nymarct	SS	New York Marine Court	New York Marine Court	f	1807-01-01	1883-12-31	
nymassapkjustct	ST	Massapequa Park Justice Court	Massapequa Park Justice Court	f			nyjustct
nymiddletcityct	ST	Middletown City Court	Middletown City Court	f			nycityct
nymonroectyct	ST	New York County Court, Monroe County	Monroe County Court	f			nycountyct
nymontctyct	ST	New York County Court, Montgomery County	Montgomery County Court	f			nycountyct
nymtverncityct	ST	Mount Vernon City Court	Mount Vernon City Court	f			nycityct
nynassaucityct	ST	Nassau City Court	Nassau City Court	f			nycityct
nynassctyct	ST	New York County Court, Nassau County	New York County Court, Nassau County	f			nycountyct
nynb	FB	United States Bankruptcy Court, N.D. New York	N.D. New York	t			
nynd	FD	District Court, N.D. New York	N.D. New York	t			usdistct
nynewburcityct	ST	Newburgh City Court	Newburgh City Court	f			nycityct
nynewroccityct	ST	New Rochelle City Court	New Rochelle City Court	f			nycityct
nyniagaracityct	ST	Niagara Falls City Court	Niagara Falls City Court	f			nycityct
nyniagaractyct	ST	New York County Court, Niagara County	Niagara County Court	f			nycountyct
nynyccityct	ST	City of New York Municipal Court	City of New York Municipal Court	f	1846-01-01		nycityct
nynycmagct	ST	New York City Magistrates' Court	New York City Magistrates' Court	f		1962-09-01	nymagct
nynycspecsess	ST	New York City Court of Special Sessions	New York City Court of Special Sessions	f	1732-01-01	1962-08-31	nyspecsessct
nyoneidacityct	ST	Oneida City Court	Oneida City Court	f			nycityct
nyoneidactyct	ST	Oneida County Court	Oneida County Court	f			nycountyct
nyoniedactyct	ST	New York County Court, Onieda County	New York County Court, Onieda County	f			nycountyct
nyonondagactyct	ST	New York County Court, Onondaga County	Onondaga County Court	f			nycountyct
nyontarioctyct	ST	New York County Court, Ontario County	Ontario County Court	f			nycountyct
nyorangectyct	ST	New York County Court, Orange County	New York County Court, Orange County	f			nycountyct
nyorleansctyct	ST	New York County Court, Orleans County	Orleans County Court	f			nycountyct
nyoswegocityct	ST	Oswego City Court	Oswego City Court	f			nycityct
nyoswegoctyct	ST	New York County Court, Oswego County	Oswego County Court	f			nycountyct
nyotsegoctyct	ST	New York County Court, Otsego County	Otsego County Court	f			nycountyct
nyoyqueens	ST	Oyer and Terminer, Queens County	Oyer and Terminer, Queens County	f	1788-01-01	1895-12-31	nyoytermct
nyoytermct	SA	Court Of Oyer And Terminer New York	Court Of Oyer And Terminer New York	f	1788-01-01	1895-12-31	
nyoytermctalb	ST	Oyer and Terminer, Albany County	Oyer and Terminer, Albany County	f	1788-01-01	1895-12-31	nyoytermct
nyoytermctnyc	ST	Oyer and Terminer, New York County	Oyer and Terminer, New York County	f	1788-01-01	1895-12-31	nyoytermct
nyoytermctren	ST	Oyer and Terminer, Rensselaer County	Oyer and Terminer, Rensselaer County	f	1788-01-01	1895-12-31	nyoytermct
nyoytermctwash	ST	Oyer and Terminer, Washington County	Oyer and Terminer, Washington County	f	1788-01-01	1895-12-31	nyoytermct
nypeekskcityct	ST	Peekskill City Court	Peekskill City Court	f			nycityct
nyplattscityct	ST	Plattsburgh City Court	Plattsburgh City Court	f			nycityct
nyportjercityct	ST	Port Jervis City Court	Port Jervis City Court	f			nycityct
nypoughcityct	ST	Poughkeepsie City Court	Poughkeepsie City Court	f			nycityct
nyputnamctyct	ST	New York County Court, Putnam County	County Court of New York, Putnam County	f			nycountyct
nyqueensctyct	ST	New York County Court, Queens County	Queens County Court	f			nycountyct
nyrecctnewburgh	ST	Newburgh Recorder's Court	Newburgh Recorder's Court	f			
nyrensctyct	ST	New York County Court, Rensselaer County	Rensselaer County Court	f			nycountyct
nyrichmondctyct	ST	New York County Court, Richmond County	New York County Court, Richmond County	f			nycountyct
nyroccityct	ST	Rochester City Court	Rochester City Court	f			nycityct
nyrocklandctyct	ST	New York County Court, Rockland County	Rockland County Court	f			nycountyct
nyromecityct	ST	Rome City Court	Rome City Court	f			nycityct
nyryecityct	ST	Rye City Court	Rye City Court	f			nycityct
nysaratocityct	ST	Saratoga Springs City Court	Saratoga Springs City Court	f			nycityct
nysaratogactyct	ST	New York County Court, Saratoga County	New York Saratoga County Court	f			nycountyct
nysb	FB	United States Bankruptcy Court, S.D. New York	S.D. New York	t			
nyschencityct	ST	Schenectady City Court	Schenectady City Court	f			nycityct
nyschenctyct	ST	New York County Court, Schenectady County	Schenectady County Court	f			nycountyct
nyschoharctyct	ST	New York County Court, Schoharie County	Schoharie County Court	f			nycountyct
nyschuylerctyct	ST	New York County Court, Schuyler County	Schuyler County Court	f			nycountyct
nysd	FD	District Court, S.D. New York	S.D. New York	t			usdistct
nysenctyct	ST	New York County Court, Seneca County	New York County Court, Seneca County	f			nycountyct
nysessct	ST	New York Court of Sessions	New York Court of Sessions	f	1684-01-01	1688-12-31	
nysessctalbany	ST	New York Court of Session, Albany County	New York Court of Session, Albany County	f	1684-01-01	1688-12-31	nysessct
nysessctchauta	ST	New York Court of Session, Chautauqua County	New York Court of Session, Chautauqua County	f	1684-01-01	1688-12-31	nysessct
nysessctgenesee	ST	New York Court of Sessions, Genesee County	New York Court of Sessions, Genesee County	f	1684-01-01	1688-12-31	nysessct
nysessctlewis	ST	New York Court of Sessions, Lewis County	New York Court of Sessions, Lewis County	f	1684-01-01	1688-12-31	nysessct
nysessctnyc	ST	Court of Sessions, New York County	Court of Sessions, New York County	f			nysessct
nysessctorange	ST	New York Court of Sessions, Orange County	New York Court of Sessions, Orange County	f	1684-01-01	1688-12-31	nysessct
nysessctqueens	ST	New York Court of Sessions, Queens County	New York Court of Sessions, Queens County	f	1684-01-01	1688-12-31	nysessct
nysessctren	ST	New York Court of Sessions, Rensselaer County	New York Court of Sessions, Rensselaer County	f	1684-01-01	1688-12-31	nysessct
nysessctrock	ST	New York Court of Sessions, Rockland County	New York Court of Sessions, Rockland County	f	1684-01-01	1688-12-31	nysessct
nysessctulster	ST	New York Court of Sessions, Ulster County	New York Court of Sessions, Ulster County	f	1684-01-01	1688-12-31	nysessct
nyspecsessct	ST	New York Court of Special Session	New York Court of Special Session	f	1732-01-01	1962-08-31	
nyspecsessyonk	SS	Yonkers Court of Special Sessions	Yonkers Court of Special Sessions	f	1732-01-01	1962-08-31	nyspecsessct
nystateassembly	SS	New York State Assembly	New York State Assembly	f			
nysteubenctyct	ST	New York County Court, Steuben County	Steuben County Court	f			nycountyct
nystlawctyct	ST	New York County Court, St. Lawrence County	St. Lawrence County Court	f			nycountyct
nysuffolkctyct	ST	New York County Court, Suffolk County	Suffolk County Court	f			nycountyct
nysullivanctyct	ST	New York County Court, Sullivan County	Sullivan County Court	f			nycountyct
nysupct	ST	New York Supreme Court	New York Supreme Court	t	1896-01-01		
nysupctalbany	ST	New York Supreme Court, Albany County	New York Supreme Court, Albany County	f			nysupct
nysupctalgny	ST	New York Supreme Court, Allegany County	New York Supreme Court, Allegany County	f			nysupct
nysupctbrm	ST	New York Supreme Court, Broome County	New York Supreme Court, Broome County	f			nysupct
nysupctbrnx	ST	New York Supreme Court, Bronx County	New York Supreme Court, Bronx County	f			nysupct
nysupctcayuga	ST	New York Supreme Court, Cayuga County	New York Supreme Court, Cayuga County	f			nysupct
nysupctchenango	ST	New York Supreme Court, Chenango County	New York Supreme Court, Chenango County	f			nysupct
nysupctchmng	ST	New York Supreme Court, Chemung County	New York Supreme Court, Chemung County	f			nysupct
nysupctchtq	ST	New York Supreme Court, Chautauqua County	New York Supreme Court, Chautauqua County	f			nysupct
nysupctclinton	ST	New York Supreme Court, Clinton County	New York Supreme Court, Clinton County	f			nysupct
nysupctclmb	ST	New York Supreme Court, Columbia County	New York Supreme Court, Columbia County	f			nysupct
nysupctcrtlnd	ST	New York Supreme Court, Cortland County	New York Supreme Court, Cortland County	f			nysupct
nysupctctrgs	ST	New York Supreme Court, Cattaraugus County	New York Supreme Court, Cattaraugus County	f			nysupct
nysupctdlwr	ST	New York Supreme Court, Delaware County	New York Supreme Court, Delaware County	f			nysupct
nysupctdtchss	ST	New York Supreme Court, Dutchess County	New York Supreme Court, Dutchess County	f			nysupct
nysupcterie	ST	New York Supreme Court, Erie County	New York Supreme Court, Erie County	f			nysupct
nysupctessex	ST	New York Supreme Court, Essex County	New York Supreme Court, Essex County	f			nysupct
nysupctfltn	ST	New York Supreme Court, Fulton County	New York Supreme Court, Fulton County	f			nysupct
nysupctfrnkln	ST	New York Supreme Court, Franklin County	New York Supreme Court, Franklin County	f			nysupct
nysupctgnss	ST	New York Supreme Court, Genesee County	New York Supreme Court, Genesee County	f			nysupct
nysupctgrn	ST	New York Supreme Court, Greene County	New York Supreme Court, Greene County	f			nysupct
nysupcthrkmr	ST	New York Supreme Court, Herkimer County	New York Supreme Court, Herkimer County	f			nysupct
nysupctjffrsn	ST	New York Supreme Court, Jefferson County	New York Supreme Court, Jefferson County	f			nysupct
nysupctkings	ST	New York Supreme Court, Kings County	New York Supreme Court, Kings County	f			nysupct
nysupctlewis	ST	New York Supreme Court, Lewis County	New York Supreme Court, Lewis County	f			nysupct
nysupctlvngstn	ST	New York Supreme Court, Livingston County	New York Supreme Court, Livingston County	f			nysupct
nysupctmdsn	ST	New York Supreme Court, Madison County	New York Supreme Court, Madison County	f			nysupct
nysupctmntgmry	ST	New York Supreme Court, Montgomery County	New York Supreme Court, Montgomery County	f			nysupct
nysupctmonroe	ST	New York Supreme Court, Monroe County	New York Supreme Court, Monroe County	f			nysupct
nysupctnewyork	ST	New York Supreme Court, New York County	New York Supreme Court, New York County	f			nysupct
nysupctniagra	ST	New York Supreme Court, Niagara County	New York Supreme Court, Niagara County	f			nysupct
nysupctnndg	ST	New York Supreme Court, Onondaga County	New York Supreme Court, Onondaga County	f			nysupct
nysupctnss	ST	New York Supreme Court, Nassau County	New York Supreme Court, Nassau County	f			nysupct
nysupctntr	ST	New York Supreme Court, Ontario County	New York Supreme Court, Ontario County	f			nysupct
nysupctoneida	ST	New York Supreme Court, Oneida County	New York Supreme Court, Oneida County	f			nysupct
nysupctorange	ST	New York Supreme Court, Orange County	New York Supreme Court, Orange County	f			nysupct
nysupctostego	ST	New York Supreme Court, Otsego County	New York Supreme Court, Otsego County	f			nysupct
nysupctptnm	ST	New York Supreme Court, Putnam County	New York Supreme Court, Putnam County	f			nysupct
nysupctqueens	ST	New York Supreme Court, Queens County	New York Supreme Court, Queens County	f			nysupct
nysupctrcklnd	ST	New York Supreme Court, Rockland County	New York Supreme Court, Rockland County	f			nysupct
nysupctren	ST	New York Supreme Court, Rensselaer County	New York Supreme Court, Rensselaer County	f			nysupct
nysupctrichmond	ST	New York Supreme Court, Richmond County	New York Supreme Court, Richmond County	f			nysupct
nysupctrlns	ST	New York Supreme Court, Orleans County	New York Supreme Court, Orleans County	f			nysupct
nysupctschnec	ST	New York Supreme Court, Schenectady County	New York Supreme Court, Schenectady County	f			nysupct
nysupctscho	ST	New York Supreme Court, Schoharie County	New York Supreme Court, Schoharie County	f			nysupct
nysupctschuy	ST	New York Supreme Court, Schuyler County	New York Supreme Court, Schuyler County	f			nysupct
nysupctsllvn	ST	New York Supreme Court, Sullivan County	New York Supreme Court, Sullivan County	f			nysupct
nysupctsnc	ST	New York Supreme Court, Seneca County	New York Supreme Court, Seneca County	f			nysupct
nysupctsntlw	ST	New York Supreme Court, St. Lawrence County	New York Supreme Court, St. Lawrence County	f			nysupct
nysupctsrtg	ST	New York Supreme Court, Saratoga County	New York Supreme Court, Saratoga County	f			nysupct
nysupctstbn	ST	New York Supreme Court, Steuben County	New York Supreme Court, Steuben County	f			nysupct
nysupctswg	ST	New York Supreme Court, Oswego County	New York Supreme Court, Oswego County	f			nysupct
nysupcttioga	ST	New York Supreme Court, Tioga County	New York Supreme Court, Tioga County	f			nysupct
nysupcttmpkns	ST	New York Supreme Court, Tompkins County	New York Supreme Court, Tompkins County	f			nysupct
nysupctulster	ST	New York Supreme Court, Ulster County	New York Supreme Court, Ulster County	f			nysupct
nysupctwarren	ST	New York Supreme Court, Warren County	New York Supreme Court, Warren County	f			nysupct
nysupctwash	ST	New York Supreme Court, Washington County	New York Supreme Court, Washington County	f			nysupct
nysupctwayne	ST	New York Supreme Court, Wayne County	New York Supreme Court, Wayne County	f			nysupct
nysupctwster	ST	New York Supreme Court, Westchester County	New York Supreme Court, Westchester County	f			nysupct
nysupctwyom	ST	New York Supreme Court, Wyoming County	New York Supreme Court, Wyoming County	f			nysupct
nysupctyates	ST	New York Supreme Court, Yates County	New York Supreme Court, Yates County	f			nysupct
nysuperctbuf	ST	Superior Court of Buffalo	Superior Court of Buffalo	f			superctny
nysuperctnyc	ST	The Superior Court of New York City	The Superior Court of New York City	f			superctny
nysuprctfflk	ST	New York Supreme Court, Suffolk County	New York Supreme Court, Suffolk County	f			nysupct
nysurct	SS	New York Surrogate's Court	New York Surrogate's Court	t	1896-01-01		
nysurctalbany	ST	Surrogate's Court, Albany County	Albany Surrogate's Court	f			nysurct
nysurctbronx	ST	Surrogate's Court, Bronx County	Bronx Surrogate's Court	f			nysurct
nysurctbroome	ST	Surrogate's Court, Broome County	Broome Surrogate's Court	f			nysurct
nysurctcattar	ST	Surrogate's Court, Cattaraugus County	Cattaraugus Surrogate's Court	f			nysurct
nysurctchauta	ST	Surrogate's Court, Chautauqua County	Chautauqua Surrogate's Court	f			nysurct
nysurctcortland	ST	Surrogate's Court, Cortland County	Cortland Surrogate's Court	f			nysurct
nysurctdelaware	ST	Surrogate's Court, Delaware County	Delaware Surrogate's Court	f			nysurct
nysurctdutchess	ST	Surrogate's Court, Dutchess County	Dutchess Surrogate's Court	f			nysurct
nysurcterie	ST	Surrogate's Court, Erie County	Erie Surrogate's Court	f			nysurct
nysurctessex	ST	Surrogate's Court, Essex County	Essex Surrogate's Court	f			nysurct
nysurctfranklin	ST	Surrogate's Court, Franklin County	Franklin Surrogate's Court	f			nysurct
nysurctgenesee	ST	Surrogate's Court, Genesee County	Genesee Surrogate's Court	f			nysurct
nysurctjefferso	ST	Surrogate's Court, Jefferson County	Jefferson Surrogate's Court	f			nysurct
nysurctkings	ST	Surrogate's Court, Kings County	Kings Surrogate's Court	f			nysurct
nysurctmadison	ST	Surrogate's Court, Madison County	Madison Surrogate's Court	f			nysurct
nysurctmonroe	ST	Surrogate's Court, Monroe County	Monroe Surrogate's Court	f			nysurct
nysurctnassau	ST	Surrogate's Court, Nassau County	Nassau Surrogate's Court	f			nysurct
nysurctnyc	ST	Surrogate's Court, New York County	New York Surrogate's Court	f			nysurct
nysurctoneida	ST	Surrogate's Court, Oneida County	Oneida Surrogate's Court	f			nysurct
nysurctonond	ST	Surrogate's Court, Onondaga County	Onondaga Surrogate's Court	f			nysurct
nysurctorange	ST	Surrogate's Court, Orange County	Orange Surrogate's Court	f			nysurct
nysurctputnam	ST	Surrogate's Court, Putnam County	Putnam Surrogate's Court	f			nysurct
nysurctqueens	ST	Surrogate's Court, Queens County	Queens Surrogate's Court	f			nysurct
nysurctrenssela	ST	Surrogate's Court, Rensselaer County	Rensselaer Surrogate's Court	f			nysurct
nysurctrichmond	ST	Surrogate's Court, Richmond County	Richmond Surrogate's Court	f			nysurct
nysurctrockland	ST	Surrogate's Court, Rockland County	Rockland Surrogate's Court	f			nysurct
nysurctsaratoga	ST	Surrogate's Court, Saratoga County	Saratoga Surrogate's Court	f			nysurct
nysurctschenect	ST	Surrogate's Court, Schenectady County	Schenectady Surrogate's Court	f			nysurct
nysurctsuffolk	ST	Surrogate's Court, Suffolk County	Suffolk Surrogate's Court	f			nysurct
nysurctsullivan	ST	Surrogate's Court, Sullivan County	Sullivan Surrogate's Court	f			nysurct
nysurcttompkins	ST	Surrogate's Court, Tompkins County	Tompkins Surrogate's Court	f			nysurct
nysurctulster	ST	Surrogate's Court, Ulster County	Ulster Surrogate's Court	f			nysurct
nysurctwarren	ST	Surrogate's Court, Warren County	Warren Surrogate's Court	f			nysurct
nysurctwayne	ST	Surrogate's Court, Wayne County	Wayne Surrogate's Court	f			nysurct
nysurctwestches	ST	Surrogate's Court, Westchester County	Westchester Surrogate's Court	f			nysurct
nysurctwyo	ST	Surrogate's Court, Wyoming County	Wyoming Surrogate's Court	f			nysurct
nysurctyates	ST	Surrogate's Court, Yates County	Yates Surrogate's Court	f			nysurct
nysyrcityct	ST	Syracuse City Court	Syracuse City Court	f			nycityct
nytaghjustct	ST	Taghkanic Justice Court	Taghkanic Justice Court	f			nyjustct
nytiogactyct	ST	New York County Court, Tioga County	Tioga County Court	f			nycountyct
nytompkinsctyct	ST	New York County Court, Tompkins County	Tompkins County Court	f			nycountyct
nytonacityct	ST	Tonawanda City Court	Tonawanda City Court	f			nycityct
nytroycityct	ST	Troy City Court	Troy City Court	f			nycityct
nytroyjustct	ST	Troy City Police Court	Troy City Police Court	f			nyjustct
nyulsterctyct	ST	New York County Court, Ulster County	Ulster County Court	f			nycountyct
nyuticacityct	ST	Utica City Court	Utica City Court	f			nycityct
nyvalstrjustct	ST	Valley Stream Justice Court	Valley Stream Justice Court	f			nyjustct
nywarrenctyct	ST	New York County Court, Warren County	New York County Court, Warren County	f			nycountyct
nywashctyct	ST	New York County Court, Washington County	New York County Court, Washington County	f			nycountyct
nywatertcityct	ST	Watertown City Court	Watertown City Court	f			nycityct
nywaynectyct	ST	New York County Court, Wayne County	Wayne County Court	f			nycountyct
nywb	FB	United States Bankruptcy Court, W.D. New York	W.D. New York	t			
nywd	FD	District Court, W.D. New York	W.D. New York	t			usdistct
nywebsterjustct	ST	Webster Justice of the Peace Court	Webster Justice Court	f			nyjustct
nywestchcityct	ST	City Court of Westchester	City Court of Westchester	f			nycityct
nywestchcty	ST	New York County Court, Westchester County	Westchester County Court	f			nycountyct
nywhplncityct	ST	White Plains City Court	White Plains City Court	f			nycityct
nywyomingctyct	ST	New York County Court, Wyoming County	Wyoming County Court	f			nycountyct
nyyatesctyct	ST	New York County Court, Yates County	Yates County Court	f			nycountyct
nyyonkerscityct	ST	Yonkers City Court	Yonkers City Court	f			nycityct
odawactapp	TRA	Little Traverse Bay Bands of Odawa Indians Tribal Appellate Court	Little Traverse Bay Bands of Odawa Indians Tribal Appellate Court	t			
ohcirctadams	ST	Adams Circuit Court	Adams Circuit Court	f			ohiocirct
ohcirctallen	ST	Allen Circuit Court	Allen Circuit Court	f			ohiocirct
ohcirctashland	ST	Ashland Circuit Court	Ashland Circuit Court	f			ohiocirct
ohcirctashtabul	ST	Ashtabula Circuit Court	Ashtabula Circuit Court	f			ohiocirct
ohcirctathens	ST	Athens Circuit Court	Athens Circuit Court	f			ohiocirct
ohcirctauglaize	ST	Auglaize County Circuit Court	Auglaize County Circuit Court	f			ohiocirct
ohcirctbelmont	ST	Belmont Circuit Court	Belmont Circuit Court	f			ohiocirct
ohcirctbrown	ST	Brown Circuit Court	Brown Circuit Court	f			ohiocirct
ohcirctbutler	ST	Butler Circuit Court	Butler Circuit Court	f			ohiocirct
ohcirctcarroll	ST	Carroll Circuit Court	Carroll Circuit Court	f			ohiocirct
ohcirctchampaig	ST	Champaign Circuit Court	Champaign Circuit Court	f			ohiocirct
ohcirctclark	ST	Clark Circuit Court	Clark Circuit Court	f			ohiocirct
ohcirctclermont	ST	Clermont Circuit Court	Clermont Circuit Court	f			ohiocirct
ohcirctclinton	ST	Clinton Circuit Court	Clinton Circuit Court	f			ohiocirct
ohcirctcolumbia	ST	Columbiana Circuit Court	Columbiana Circuit Court	f			ohiocirct
ohcirctcoshocto	ST	Coshocton Circuit Court	Coshocton Circuit Court	f			ohiocirct
ohcirctcrawford	ST	Crawford Circuit Court	Crawford Circuit Court	f			ohiocirct
ohcirctcuyahoga	ST	Cuyahoga Circuit Court	Cuyahoga Circuit Court	f			ohiocirct
ohcirctdarke	ST	Darke Circuit Court	Darke Circuit Court	f			ohiocirct
ohcirctdefiance	ST	Defiance Circuit Court	Defiance Circuit Court	f			ohiocirct
ohcirctdelaware	ST	Delaware Circuit Court	Delaware Circuit Court	f			ohiocirct
ohcircterie	ST	Erie Circuit Court	Erie Circuit Court	f			ohiocirct
ohcirctfairfiel	ST	Fairfield Circuit Court	Fairfield Circuit Court	f			ohiocirct
ohcirctfayette	ST	Fayette Circuit Court	Fayette Circuit Court	f			ohiocirct
ohcirctfranklin	ST	Franklin Circuit Court	Franklin Circuit Court	f			ohiocirct
ohcirctfulton	ST	Fulton Circuit Court	Fulton Circuit Court	f			ohiocirct
ohcirctgeauga	ST	Geauga Circuit Court	Geauga Circuit Court	f			ohiocirct
ohcirctgreene	ST	Greene Circuit Court	Greene Circuit Court	f			ohiocirct
ohcirctguernsey	ST	Guernsey Circuit Court	Guernsey Circuit Court	f			ohiocirct
ohcircthamilton	ST	Hamilton Circuit Court	Hamilton Circuit Court	f			ohiocirct
ohcircthancock	ST	Hancock Circuit Court	Hancock Circuit Court	f			ohiocirct
ohcircthancook	ST	Hancook Circuit Court	Hancook Circuit Court	f			ohiocirct
ohcircthardin	ST	Hardin Circuit Court	Hardin Circuit Court	f			ohiocirct
ohcirctharrison	ST	Harrison Circuit Court	Harrison Circuit Court	f			ohiocirct
ohcircthenry	ST	Henry Circuit Court	Henry Circuit Court	f			ohiocirct
ohcircthighland	ST	Highland Circuit Court	Highland Circuit Court	f			ohiocirct
ohcirctholmes	ST	Holmes Circuit Court	Holmes Circuit Court	f			ohiocirct
ohcircthuron	ST	Huron Circuit Court	Huron Circuit Court	f			ohiocirct
ohcirctjackson	ST	Jackson Circuit Court	Jackson Circuit Court	f			ohiocirct
ohcirctjefferso	ST	Jefferson Circuit Court	Jefferson Circuit Court	f			ohiocirct
ohcirctknox	ST	Knox County Circuit Court	Knox County Circuit Court	f			ohiocirct
ohcirctlake	ST	Lake County Circuit Court	Lake County Circuit Court	f			ohiocirct
ohcirctlawrence	ST	Lawrence Circuit Court	Lawrence Circuit Court	f			ohiocirct
ohcirctlicking	ST	Licking Circuit Court	Licking Circuit Court	f			ohiocirct
ohcirctlogan	ST	Logan Circuit Court	Logan Circuit Court	f			ohiocirct
ohcirctlorain	ST	Lorain Circuit Court	Lorain Circuit Court	f			ohiocirct
ohcirctlucas	ST	Lucas Circuit Court	Lucas Circuit Court	f			ohiocirct
ohcirctmadison	ST	Madison Circuit Court	Madison Circuit Court	f			ohiocirct
ohcirctmahoning	ST	Mahoning Circuit Court	Mahoning Circuit Court	f			ohiocirct
ohcirctmarion	ST	Marion Circuit Court	Marion Circuit Court	f			ohiocirct
ohcirctmedina	ST	Medina Circuit Court	Medina Circuit Court	f			ohiocirct
ohcirctmeigs	ST	Meigs Circuit Court	Meigs Circuit Court	f			ohiocirct
ohcirctmercer	ST	Mercer Circuit Court	Mercer Circuit Court	f			ohiocirct
ohcirctmiami	ST	Miami Circuit Court	Miami Circuit Court	f			ohiocirct
ohcirctmonroe	ST	Monroe Circuit Court	Monroe Circuit Court	f			ohiocirct
ohcirctmontgome	ST	Montgomery Circuit Court	Montgomery Circuit Court	f			ohiocirct
ohcirctmorgan	ST	Morgan Circuit Court	Morgan Circuit Court	f			ohiocirct
ohcirctmorrow	ST	Morrow Circuit Court	Morrow Circuit Court	f			ohiocirct
ohcirctmuskingu	ST	Muskingum Circuit Court	Muskingum Circuit Court	f			ohiocirct
ohcirctnoble	ST	Noble Circuit Court	Noble Circuit Court	f			ohiocirct
ohcirctottawa	ST	Ottawa Circuit Court	Ottawa Circuit Court	f			ohiocirct
ohcirctpaulding	ST	Paulding Circuit Court	Paulding Circuit Court	f			ohiocirct
ohcirctperry	ST	Perry Circuit Court	Perry Circuit Court	f			ohiocirct
ohcirctpickaway	ST	Pickaway Circuit Court	Pickaway Circuit Court	f			ohiocirct
ohcirctpike	ST	Pike Circuit Court	Pike Circuit Court	f			ohiocirct
ohcirctportage	ST	Portage Circuit Court	Portage Circuit Court	f			ohiocirct
ohcirctpreble	ST	Preble Circuit Court	Preble Circuit Court	f			ohiocirct
ohcirctputnam	ST	Putnam Circuit Court	Putnam Circuit Court	f			ohiocirct
ohcirctrichland	ST	Richland Circuit Court	Richland Circuit Court	f			ohiocirct
ohcirctross	ST	Ross Circuit Court	Ross Circuit Court	f			ohiocirct
ohcirctsandusky	ST	Sandusky Circuit Court	Sandusky Circuit Court	f			ohiocirct
ohcirctscioto	ST	Scioto Circuit Court	Scioto Circuit Court	f			ohiocirct
ohcirctseneca	ST	Seneca Circuit Court	Seneca Circuit Court	f			ohiocirct
ohcirctshelby	ST	Shelby Circuit Court	Shelby Circuit Court	f			ohiocirct
ohcirctstark	ST	Stark Circuit Court	Stark Circuit Court	f			ohiocirct
ohcirctsummit	ST	Summit Circuit Court	Summit Circuit Court	f			ohiocirct
ohcircttaggart	ST	Taggart Circuit Court	Taggart Circuit Court	f			ohiocirct
ohcircttrumbull	ST	Trumbull Circuit Court	Trumbull Circuit Court	f			ohiocirct
ohcircttuscaraw	ST	Tuscarawas Circuit Court	Tuscarawas Circuit Court	f			ohiocirct
ohcirctunion	ST	Union County Circuit Court	Union County Circuit Court	f			ohiocirct
ohcirctvanwert	ST	Van Wert Circuit Court	Van Wert Circuit Court	f			ohiocirct
ohcirctvinton	ST	Vinton County Circuit Court	Vinton County Circuit Court	f			ohiocirct
ohcirctwarren	ST	Warren Circuit Court	Warren Circuit Court	f			ohiocirct
ohcirctwayne	ST	Wayne Circuit Court	Wayne Circuit Court	f			ohiocirct
ohcirctwilliams	ST	Williams Circuit Court	Williams Circuit Court	f			ohiocirct
ohcirctwood	ST	Wood Circuit Court	Wood Circuit Court	f			ohiocirct
ohcirctwyandot	ST	Wyandot Circuit Court	Wyandot Circuit Court	f			ohiocirct
ohcirctwyandott	ST	Wyandotte County Circuit Court	Wyandotte County Circuit Court	f			ohiocirct
ohctapp1		Court of Appeals of Ohio, First District	Court of Appeals of Ohio, First District	f			
ohctapp10	ST	Court of Appeals of Ohio, Tenth District	Court of Appeals of Ohio, Tenth District	f			ohioctapp
ohctapp10frankl	ST	Court of Appeals of Ohio, Tenth District, Franklin County	Court of Appeals of Ohio, Tenth District, Franklin County	f			ohctapp10
ohctapp11	ST	Court of Appeals of Ohio, Eleventh District	Court of Appeals of Ohio, Eleventh District	f			ohioctapp
ohctapp11ashtab	ST	Court of Appeals of Ohio, Eleventh District, Ashtabula County	Court of Appeals of Ohio, Eleventh District, Ashtabula County	f			ohctapp11
ohctapp11geauga	ST	Court of Appeals of Ohio, Eleventh District, Geauga County	Court of Appeals of Ohio, Eleventh District, Geauga County	f			ohctapp11
ohctapp11lake	ST	Court of Appeals of Ohio, Eleventh District, Lake County	Court of Appeals of Ohio, Eleventh District, Lake County	f			ohctapp11
ohctapp11portag	ST	Court of Appeals of Ohio, Eleventh District, Portage County	Court of Appeals of Ohio, Eleventh District, Portage County	f			ohctapp11
ohctapp11trumbu	ST	Court of Appeals of Ohio, Eleventh District, Trumbull County	Court of Appeals of Ohio, Eleventh District, Trumbull County	f			ohctapp11
ohctapp12	ST	Court of Appeals of Ohio, Twelfth District	Court of Appeals of Ohio, Twelfth District	f			ohioctapp
ohctapp12brown	ST	Court of Appeals of Ohio, Twelfth District, Brown County	Court of Appeals of Ohio, Twelfth District, Brown County	f			ohctapp12
ohctapp12butler	ST	Court of Appeals of Ohio, Twelfth District, Butler County	Court of Appeals of Ohio, Twelfth District, Butler County	f			ohctapp12
ohctapp12clermo	ST	Court of Appeals of Ohio, Twelfth District, Clermont County	Court of Appeals of Ohio, Twelfth District, Clermont County	f			ohctapp12
ohctapp12clinto	ST	Court of Appeals of Ohio, Twelfth District, Clinton County	Court of Appeals of Ohio, Twelfth District, Clinton County	f			ohctapp12
ohctapp12fayett	ST	Court of Appeals of Ohio, Twelfth District, Fayette County	Court of Appeals of Ohio, Twelfth District, Fayette County	f			ohctapp12
ohctapp12madiso	ST	Court of Appeals of Ohio, Twelfth District, Madison County	Court of Appeals of Ohio, Twelfth District, Madison County	f			ohctapp12
ohctapp12preble	ST	Court of Appeals of Ohio, Twelfth District, Preble County	Court of Appeals of Ohio, Twelfth District, Preble County	f			ohctapp12
ohctapp12warren	ST	Court of Appeals of Ohio, Twelfth District, Warren County	Court of Appeals of Ohio, Twelfth District, Warren County	f			ohctapp12
ohctapp1hamilto	ST	Court of Appeals of Ohio, First District, Hamilton County	Court of Appeals of Ohio, First District, Hamilton County	f			ohctapp1
ohctapp2	ST	Court of Appeals of Ohio, Second District	Court of Appeals of Ohio, Second District	f			ohioctapp
ohctapp2champai	ST	Court of Appeals of Ohio, Second District, Champaign County	Court of Appeals of Ohio, Second District, Champaign County	f			ohctapp2
ohctapp2clark	ST	Court of Appeals of Ohio, Second District, Clark County	Court of Appeals of Ohio, Second District, Clark County	f			ohctapp2
ohctapp2darke	ST	Court of Appeals of Ohio, Second District, Darke County	Court of Appeals of Ohio, Second District, Darke County	f			ohctapp2
ohctapp2greene	ST	Court of Appeals of Ohio, Second District, Greene County	Court of Appeals of Ohio, Second District, Greene County	f			ohctapp2
ohctapp2miami	ST	Court of Appeals of Ohio, Second District, Miami County	Court of Appeals of Ohio, Second District, Miami County	f			ohctapp2
ohctapp2montgom	ST	Court of Appeals of Ohio, Second District, Montgomery County	Court of Appeals of Ohio, Second District, Montgomery County	f			ohctapp2
ohctapp3	ST	Court of Appeals of Ohio, Third District	Court of Appeals of Ohio, Third District	f			ohioctapp
ohctapp3allen	ST	Court of Appeals of Ohio, Third District, Allen County	Court of Appeals of Ohio, Third District, Allen County	f			ohctapp3
ohctapp3auglaiz	ST	Court of Appeals of Ohio, Third District, Auglaize County	Court of Appeals of Ohio, Third District, Auglaize County	f			ohctapp3
ohctapp3crawfor	ST	Court of Appeals of Ohio, Third District, Crawford County	Court of Appeals of Ohio, Third District, Crawford County	f			ohctapp3
ohctapp3defianc	ST	Court of Appeals of Ohio, Third District, Defiance County	Court of Appeals of Ohio, Third District, Defiance County	f			ohctapp3
ohctapp3hancock	ST	Court of Appeals of Ohio, Third District, Hancock County	Court of Appeals of Ohio, Third District, Hancock County	f			ohctapp3
ohctapp3hardin	ST	Court of Appeals of Ohio, Third District, Hardin County	Court of Appeals of Ohio, Third District, Hardin County	f			ohctapp3
ohctapp3henry	ST	Court of Appeals of Ohio, Third District, Henry County	Court of Appeals of Ohio, Third District, Henry County	f			ohctapp3
ohctapp3logan	ST	Court of Appeals of Ohio, Third District, Logan County	Court of Appeals of Ohio, Third District, Logan County	f			ohctapp3
ohctapp3marion	ST	Court of Appeals of Ohio, Third District, Marion County	Court of Appeals of Ohio, Third District, Marion County	f			ohctapp3
ohctapp3mercer	ST	Court of Appeals of Ohio, Third District, Mercer County	Court of Appeals of Ohio, Third District, Mercer County	f			ohctapp3
ohctapp3pauldin	ST	Court of Appeals of Ohio, Third District, Paulding County	Court of Appeals of Ohio, Third District, Paulding County	f			ohctapp3
ohctapp3putnam	ST	Court of Appeals of Ohio, Third District, Putnam County	Court of Appeals of Ohio, Third District, Putnam County	f			ohctapp3
ohctapp3seneca	ST	Court of Appeals of Ohio, Third District, Seneca County	Court of Appeals of Ohio, Third District, Seneca County	f			ohctapp3
ohctapp3shelby	ST	Court of Appeals of Ohio, Third District, Shelby County	Court of Appeals of Ohio, Third District, Shelby County	f			ohctapp3
ohctapp3union	ST	Court of Appeals of Ohio, Third District, Union County	Court of Appeals of Ohio, Third District, Union County	f			ohctapp3
ohctapp3vanwert	ST	Court of Appeals of Ohio, Third District, Van Wert County	Court of Appeals of Ohio, Third District, Van Wert County	f			ohctapp3
ohctapp3wyandot	ST	Court of Appeals of Ohio, Third District, Wyandot County	Court of Appeals of Ohio, Third District, Wyandot County	f			ohctapp3
ohctapp4	ST	Court of Appeals of Ohio, Fourth District	Court of Appeals of Ohio, Fourth District	f			ohioctapp
ohctapp4adams	ST	Court of Appeals of Ohio, Fourth District, Adams County	Court of Appeals of Ohio, Fourth District, Adams County	f			ohctapp4
ohctapp4athens	ST	Court of Appeals of Ohio, Fourth District, Athens County	Court of Appeals of Ohio, Fourth District, Athens County	f			ohctapp4
ohctapp4gallia	ST	Court of Appeals of Ohio, Fourth District, Gallia County	Court of Appeals of Ohio, Fourth District, Gallia County	f			ohctapp4
ohctapp4highlan	ST	Court of Appeals of Ohio, Fourth District, Highland County	Court of Appeals of Ohio, Fourth District, Highland County	f			ohctapp4
ohctapp4hocking	ST	Court of Appeals of Ohio, Fourth District, Hocking County	Court of Appeals of Ohio, Fourth District, Hocking County	f			ohctapp4
ohctapp4jackson	ST	Court of Appeals of Ohio, Fourth District, Jackson County	Court of Appeals of Ohio, Fourth District, Jackson County	f			ohctapp4
ohctapp4lawrenc	ST	Court of Appeals of Ohio, Fourth District, Lawrence County	Court of Appeals of Ohio, Fourth District, Lawrence County	f			ohctapp4
ohctapp4meigs	ST	Court of Appeals of Ohio, Fourth District, Meigs County	Court of Appeals of Ohio, Fourth District, Meigs County	f			ohctapp4
ohctapp4pickawa	ST	Court of Appeals of Ohio, Fourth District, Pickaway County	Court of Appeals of Ohio, Fourth District, Pickaway County	f			ohctapp4
ohctapp4pike	ST	Court of Appeals of Ohio, Fourth District, Pike County	Court of Appeals of Ohio, Fourth District, Pike County	f			ohctapp4
ohctapp4ross	ST	Court of Appeals of Ohio, Fourth District, Ross County	Court of Appeals of Ohio, Fourth District, Ross County	f			ohctapp4
ohctapp4scioto	ST	Court of Appeals of Ohio, Fourth District, Scioto County	Court of Appeals of Ohio, Fourth District, Scioto County	f			ohctapp4
ohctapp4vinton	ST	Court of Appeals of Ohio, Fourth District, Vinton County	Court of Appeals of Ohio, Fourth District, Vinton County	f			ohctapp4
ohctapp4washing	ST	Court of Appeals of Ohio, Fourth District, Washington County	Court of Appeals of Ohio, Fourth District, Washington County	f			ohctapp4
ohctapp5	ST	Court of Appeals of Ohio, Fifth District	Court of Appeals of Ohio, Fifth District	f			ohioctapp
ohctapp5ashland	ST	Court of Appeals of Ohio, Fifth District, Ashland County	Court of Appeals of Ohio, Fifth District, Ashland County	f			ohctapp5
ohctapp5coshoct	ST	Court of Appeals of Ohio, Fifth District, Coshocton County	Court of Appeals of Ohio, Fifth District, Coshocton County	f			ohctapp5
ohctapp5delawar	ST	Court of Appeals of Ohio, Fifth District, Delaware County	Court of Appeals of Ohio, Fifth District, Delaware County	f			ohctapp5
ohctapp5fairfie	ST	Court of Appeals of Ohio, Fifth District, Fairfield County	Court of Appeals of Ohio, Fifth District, Fairfield County	f			ohctapp5
ohctapp5guernse	ST	Court of Appeals of Ohio, Fifth District, Guernsey County	Court of Appeals of Ohio, Fifth District, Guernsey County	f			ohctapp5
ohctapp5holmes	ST	Court of Appeals of Ohio, Fifth District, Holmes County	Court of Appeals of Ohio, Fifth District, Holmes County	f			ohctapp5
ohctapp5knox	ST	Court of Appeals of Ohio, Fifth District, Knox County	Court of Appeals of Ohio, Fifth District, Knox County	f			ohctapp5
ohctapp5licking	ST	Court of Appeals of Ohio, Fifth District, Licking County	Court of Appeals of Ohio, Fifth District, Licking County	f			ohctapp5
ohctapp5morgan	ST	Court of Appeals of Ohio, Fifth District, Morgan County	Court of Appeals of Ohio, Fifth District, Morgan County	f			ohctapp5
ohctapp5morrow	ST	Court of Appeals of Ohio, Fifth District, Morrow County	Court of Appeals of Ohio, Fifth District, Morrow County	f			ohctapp5
ohctapp5musking	ST	Court of Appeals of Ohio, Fifth District, Muskingum County	Court of Appeals of Ohio, Fifth District, Muskingum County	f			ohctapp5
ohctapp5richlan	ST	Court of Appeals of Ohio, Fifth District, Richland County	Court of Appeals of Ohio, Fifth District, Richland County	f			ohctapp5
ohctapp5stark	ST	Court of Appeals of Ohio, Fifth District, Stark County	Court of Appeals of Ohio, Fifth District, Stark County	f			ohctapp5
ohctapp5tuscara	ST	Court of Appeals of Ohio, Fifth District, Tuscarawas County	Court of Appeals of Ohio, Fifth District, Tuscarawas County	f			ohctapp5
ohctapp6	ST	Court of Appeals of Ohio, Sixth District	Court of Appeals of Ohio, Sixth District	f			ohioctapp
ohctapp6erie	ST	Court of Appeals of Ohio, Sixth District, Erie County	Court of Appeals of Ohio, Sixth District, Erie County	f			ohctapp6
ohctapp6fulton	ST	Court of Appeals of Ohio, Sixth District, Fulton County	Court of Appeals of Ohio, Sixth District, Fulton County	f			ohctapp6
ohctapp6huron	ST	Court of Appeals of Ohio, Sixth District, Huron County	Court of Appeals of Ohio, Sixth District, Huron County	f			ohctapp6
ohctapp6lucas	ST	Court of Appeals of Ohio, Sixth District, Lucas County	Court of Appeals of Ohio, Sixth District, Lucas County	f			ohctapp6
ohctapp6ottawa	ST	Court of Appeals of Ohio, Sixth District, Ottawa County	Court of Appeals of Ohio, Sixth District, Ottawa County	f			ohctapp6
ohctapp6sandusk	ST	Court of Appeals of Ohio, Sixth District, Sandusky County	Court of Appeals of Ohio, Sixth District, Sandusky County	f			ohctapp6
ohctapp6william	ST	Court of Appeals of Ohio, Sixth District, Williams County	Court of Appeals of Ohio, Sixth District, Williams County	f			ohctapp6
ohctapp6wood	ST	Court of Appeals of Ohio, Sixth District, Wood County	Court of Appeals of Ohio, Sixth District, Wood County	f			ohctapp6
ohctapp7	ST	Court of Appeals of Ohio, Seventh District	Court of Appeals of Ohio, Seventh District	f			ohioctapp
ohctapp7belmont	ST	Court of Appeals of Ohio, Seventh District, Belmont County	Court of Appeals of Ohio, Seventh District, Belmont County	f			ohctapp7
ohctapp7carroll	ST	Court of Appeals of Ohio, Seventh District, Carroll County	Court of Appeals of Ohio, Seventh District, Carroll County	f			ohctapp7
ohctapp7columbi	ST	Court of Appeals of Ohio, Seventh District, Columbiana County	Court of Appeals of Ohio, Seventh District, Columbiana County	f			ohctapp7
ohctapp7harriso	ST	Court of Appeals of Ohio, Seventh District, Harrison County	Court of Appeals of Ohio, Seventh District, Harrison County	f			ohctapp7
ohctapp7jeffers	ST	Court of Appeals of Ohio, Seventh District, Jefferson County	Court of Appeals of Ohio, Seventh District, Jefferson County	f			ohctapp7
ohctapp7mahonin	ST	Court of Appeals of Ohio, Seventh District, Mahoning County	Court of Appeals of Ohio, Seventh District, Mahoning County	f			ohctapp7
ohctapp7monroe	ST	Court of Appeals of Ohio, Seventh District, Monroe County	Court of Appeals of Ohio, Seventh District, Monroe County	f			ohctapp7
ohctapp7noble	ST	Court of Appeals of Ohio, Seventh District, Noble County	Court of Appeals of Ohio, Seventh District, Noble County	f			ohctapp7
ohctapp8	ST	Court of Appeals of Ohio, Eighth District	Court of Appeals of Ohio, Eighth District	f			ohioctapp
ohctapp8cuyahog	ST	Court of Appeals of Ohio, Eighth District, Cuyahoga County	Court of Appeals of Ohio, Eighth District, Cuyahoga County	f			ohctapp8
ohctapp9	ST	Court of Appeals of Ohio, Ninth District	Court of Appeals of Ohio, Ninth District	f			ohioctapp
ohctapp9lorain	ST	Court of Appeals of Ohio, Ninth District, Lorain County	Court of Appeals of Ohio, Ninth District, Lorain County	f			ohctapp9
ohctapp9medina	ST	Court of Appeals of Ohio, Ninth District, Medina County	Court of Appeals of Ohio, Ninth District, Medina County	f			ohctapp9
ohctapp9summit	ST	Court of Appeals of Ohio, Ninth District, Summit County	Court of Appeals of Ohio, Ninth District, Summit County	f			ohctapp9
ohctapp9wayne	ST	Court of Appeals of Ohio, Ninth District, Wayne County	Court of Appeals of Ohio, Ninth District, Wayne County	f			ohctapp9
ohctcompladams	ST	Adams County Court of Common Pleas	Adams County Court of Common Pleas	f			ohioctcompl
ohctcomplallen	ST	Allen County Court of Common Pleas	Allen County Court of Common Pleas	f			ohioctcompl
ohctcomplashlan	ST	Ashland County Court of Common Pleas	Ashland County Court of Common Pleas	f			ohioctcompl
ohctcomplashtab	ST	Ashtabula County Court of Common Pleas	Ashtabula County Court of Common Pleas	f			ohioctcompl
ohctcomplathens	ST	Athens County Court of Common Pleas	Athens County Court of Common Pleas	f			ohioctcompl
ohctcomplauglai	ST	Auglaize County Court of Common Pleas	Auglaize County Court of Common Pleas	f			ohioctcompl
ohctcomplbelmon	ST	Belmont County Court of Common Pleas	Belmont County Court of Common Pleas	f			ohioctcompl
ohctcomplboss	ST	Boss County Court of Common Pleas	Boss County Court of Common Pleas	f			ohioctcompl
ohctcomplbrown	ST	Brown County Court of Common Pleas	Brown County Court of Common Pleas	f			ohioctcompl
ohctcomplbutler	ST	Butler County Court of Common Pleas	Butler County Court of Common Pleas	f			ohioctcompl
ohctcomplcarrol	ST	Carroll County Court of Common Pleas	Carroll County Court of Common Pleas	f			ohioctcompl
ohctcomplchampa	ST	Champaign County Court of Common Pleas	Champaign County Court of Common Pleas	f			ohioctcompl
ohctcomplclark	ST	Clark County Court of Common Pleas	Clark County Court of Common Pleas	f			ohioctcompl
ohctcomplclarke	ST	Clarke County Court of Common Pleas	Clarke County Court of Common Pleas	f			ohioctcompl
ohctcomplclermo	ST	Clermont County Court of Common Pleas	Clermont County Court of Common Pleas	f			ohioctcompl
ohctcomplclinto	ST	Clinton County Court of Common Pleas	Clinton County Court of Common Pleas	f			ohioctcompl
ohctcomplcolumb	ST	Columbiana County Court of Common Pleas	Columbiana County Court of Common Pleas	f			ohioctcompl
ohctcomplcoshoc	ST	Coshocton County Court of Common Pleas	Coshocton County Court of Common Pleas	f			ohioctcompl
ohctcomplcrawfo	ST	Crawford County Court of Common Pleas	Crawford County Court of Common Pleas	f			ohioctcompl
ohctcomplcuyaho	ST	Cuyahoga County Common Pleas Court	Cuyahoga County Common Pleas Court	f			ohioctcompl
ohctcompldarke	ST	Darke County Court of Common Pleas	Darke County Court of Common Pleas	f			ohioctcompl
ohctcompldefian	ST	Defiance County Court of Common Pleas	Defiance County Court of Common Pleas	f			ohioctcompl
ohctcompldelawa	ST	Delaware County Court of Common Pleas	Delaware County Court of Common Pleas	f			ohioctcompl
ohctcomplerie	ST	Erie County Court of Common Pleas	Erie County Court of Common Pleas	f			ohioctcompl
ohctcomplfairfi	ST	Fairfield County Court of Common Pleas	Fairfield County Court of Common Pleas	f			ohioctcompl
ohctcomplfayett	ST	Fayette County Court of Common Pleas	Fayette County Court of Common Pleas	f			ohioctcompl
ohctcomplfrankl	ST	Court of Common Pleas of Ohio, Franklin County, Civil Division	Court of Common Pleas of Ohio, Franklin County, Civil Division	f			ohioctcompl
ohctcomplfulton	ST	Fulton County Court of Common Pleas	Fulton County Court of Common Pleas	f			ohioctcompl
ohctcomplgalia	ST	Galia County Court of Common Pleas	Galia County Court of Common Pleas	f			ohioctcompl
ohctcomplgallia	ST	Gallia County Court of Common Pleas	Gallia County Court of Common Pleas	f			ohioctcompl
ohctcomplgeauga	ST	Geauga County Court of Common Pleas	Geauga County Court of Common Pleas	f			ohioctcompl
ohctcomplgreen	ST	Green County Court of Common Pleas	Green County Court of Common Pleas	f			ohioctcompl
ohctcomplgreene	ST	Greene County Court of Common Pleas	Greene County Court of Common Pleas	f			ohioctcompl
ohctcomplguerns	ST	Guernsey County Court of Common Pleas	Guernsey County Court of Common Pleas	f			ohioctcompl
ohctcomplhamilt	ST	Court of Common Pleas of Ohio, Hamilton County	Court of Common Pleas of Ohio, Hamilton County	f			ohioctcompl
ohctcomplhancoc	ST	Hancock County Court of Common Pleas	Hancock County Court of Common Pleas	f			ohioctcompl
ohctcomplhardin	ST	Hardin County Court of Common Pleas	Hardin County Court of Common Pleas	f			ohioctcompl
ohctcomplharris	ST	Harrison County Court of Common Pleas	Harrison County Court of Common Pleas	f			ohioctcompl
ohctcomplhenry	ST	Henry County Court of Common Pleas	Henry County Court of Common Pleas	f			ohioctcompl
ohctcomplhighla	ST	Highland County Court of Common Pleas	Highland County Court of Common Pleas	f			ohioctcompl
ohctcomplhockin	ST	Hocking County Court of Common Pleas	Hocking County Court of Common Pleas	f			ohioctcompl
ohctcomplholmes	ST	Holmes County Court of Common Pleas	Holmes County Court of Common Pleas	f			ohioctcompl
ohctcomplhuron	ST	Huron County Court of Common Pleas	Huron County Court of Common Pleas	f			ohioctcompl
ohctcompljackso	ST	Jackson County Court of Common Pleas	Jackson County Court of Common Pleas	f			ohioctcompl
ohctcompljeffer	ST	Jefferson County Court of Common Pleas	Jefferson County Court of Common Pleas	f			ohioctcompl
ohctcomplknox	ST	Knox County Court of Common Pleas	Knox County Court of Common Pleas	f			ohioctcompl
ohctcompllake	ST	Lake County Court of Common Pleas	Lake County Court of Common Pleas	f			ohioctcompl
ohctcompllawren	ST	Lawrence County Common Pleas Court	Lawrence County Common Pleas Court	f			ohioctcompl
ohctcompllickin	ST	Licking County Court of Common Pleas	Licking County Court of Common Pleas	f			ohioctcompl
ohctcompllogan	ST	Logan County Court of Common Pleas	Logan County Court of Common Pleas	f			ohioctcompl
ohctcompllorain	ST	Lorain County Court of Common Pleas	Lorain County Court of Common Pleas	f			ohioctcompl
ohctcompllucas	ST	Lucas County Court of Common Pleas	Lucas County Court of Common Pleas	f			ohioctcompl
ohctcomplmadiso	ST	Madison County Court of Common Pleas	Madison County Court of Common Pleas	f			ohioctcompl
ohctcomplmahoni	ST	Mahoning County Court of Common Pleas	Mahoning County Court of Common Pleas	f			ohioctcompl
ohctcomplmarion	ST	Marion County Court of Common Pleas	Marion County Court of Common Pleas	f			ohioctcompl
ohctcomplmedina	ST	Medina County Court of Common Pleas	Medina County Court of Common Pleas	f			ohioctcompl
ohctcomplmeigs	ST	Meigs County Court of Common Pleas	Meigs County Court of Common Pleas	f			ohioctcompl
ohctcomplmercer	ST	Mercer County Court of Common Pleas	Mercer County Court of Common Pleas	f			ohioctcompl
ohctcomplmiami	ST	Miami County Court of Common Pleas	Miami County Court of Common Pleas	f			ohioctcompl
ohctcomplmonroe	ST	Monroe County Court of Common Pleas	Monroe County Court of Common Pleas	f			ohioctcompl
ohctcomplmontgo	ST	Montgomery County Court of Common Pleas	Montgomery County Court of Common Pleas	f			ohioctcompl
ohctcomplmorgan	ST	Morgan County Court of Common Pleas	Morgan County Court of Common Pleas	f			ohioctcompl
ohctcomplmorrow	ST	Morrow County Court of Common Pleas	Morrow County Court of Common Pleas	f			ohioctcompl
ohctcomplmuskin	ST	Muskingum County Court of Common Pleas	Muskingum County Court of Common Pleas	f			ohioctcompl
ohctcomplnoble	ST	Noble County Court of Common Pleas	Noble County Court of Common Pleas	f			ohioctcompl
ohctcomplottawa	ST	Ottawa County Court of Common Pleas	Ottawa County Court of Common Pleas	f			ohioctcompl
ohctcomplpauldi	ST	Paulding County Court of Common Pleas	Paulding County Court of Common Pleas	f			ohioctcompl
ohctcomplpickaw	ST	Pickaway County Court of Common Pleas	Pickaway County Court of Common Pleas	f			ohioctcompl
ohctcomplpike	ST	Pike County Court of Common Pleas	Pike County Court of Common Pleas	f			ohioctcompl
ohctcomplportag	ST	Portage County Court of Common Pleas	Portage County Court of Common Pleas	f			ohioctcompl
ohctcomplpreble	ST	Preble County Court of Common Pleas	Preble County Court of Common Pleas	f			ohioctcompl
ohctcomplputnam	ST	Putnam County Court of Common Pleas	Putnam County Court of Common Pleas	f			ohioctcompl
ohctcomplrichla	ST	Richland County Court of Common Pleas	Richland County Court of Common Pleas	f			ohioctcompl
ohctcomplross	ST	Ross County Court of Common Pleas	Ross County Court of Common Pleas	f			ohioctcompl
ohctcomplsandus	ST	Sandusky County Court of Common Pleas	Sandusky County Court of Common Pleas	f			ohioctcompl
ohctcomplscioto	ST	Scioto County Court of Common Pleas	Scioto County Court of Common Pleas	f			ohioctcompl
ohctcomplseneca	ST	Seneca County Court of Common Pleas	Seneca County Court of Common Pleas	f			ohioctcompl
ohctcomplshelby	ST	Shelby County Court of Common Pleas	Shelby County Court of Common Pleas	f			ohioctcompl
ohctcomplstark	ST	Stark County Court of Common Pleas	Stark County Court of Common Pleas	f			ohioctcompl
ohctcomplsummit	ST	Summit County Court of Common Pleas	Summit County Court of Common Pleas	f			ohioctcompl
ohctcompltascar	ST	Tascarawas County Court of Common Pleas	Tascarawas County Court of Common Pleas	f			ohioctcompl
ohctcompltrumbu	ST	Trumbull County Court of Common Pleas	Trumbull County Court of Common Pleas	f			ohioctcompl
ohctcompltuscar	ST	Tuscarawas County Court of Common Pleas	Tuscarawas County Court of Common Pleas	f			ohioctcompl
ohctcomplunion	ST	Union County Court of Common Pleas	Union County Court of Common Pleas	f			ohioctcompl
ohctcomplvanwe	ST	Van Wert County Court of Common Pleas	Van Wert County Court of Common Pleas	f			ohioctcompl
ohctcomplvinton	ST	Vinton County Court of Common Pleas	Vinton County Court of Common Pleas	f			ohioctcompl
ohctcomplwarren	ST	Warren County Court of Common Pleas	Warren County Court of Common Pleas	f			ohioctcompl
ohctcomplwashin	ST	Washington County Court of Common Pleas	Washington County Court of Common Pleas	f			ohioctcompl
ohctcomplwayne	ST	Wayne County Court of Common Pleas	Wayne County Court of Common Pleas	f			ohioctcompl
ohctcomplwillia	ST	Williams County Court of Common Pleas	Williams County Court of Common Pleas	f			ohioctcompl
ohctcomplwood	ST	Wood County Court of Common Pleas	Wood County Court of Common Pleas	f			ohioctcompl
ohctcomplwyando	ST	Wyandot County Court of Common Pleas	Wyandot County Court of Common Pleas	f			ohioctcompl
ohctinsolv	ST	Ohio County Court of Insovency	Ohio County Court of Insovency	f			
ohctinsolvcuyah	SS	Cuyahoga County Court of Insolvency	Cuyahoga County Court of Insolvency	f			ohctinsolv
ohctinsolvhamil	SS	Hamilton County Court of Insolvency	Hamilton County Court of Insolvency	f			ohctinsolv
ohio	S	Ohio Supreme Court	Ohio Supreme Court	t	1841-01-01		
ohiobar	C	Board of Commissioners On The Unauthorized Practice of Law State of Ohio	Board of Commissioners On The Unauthorized Practice of Law State of Ohio	f			
ohiocirct	ST	Ohio Circuit Courts	Ohio Circuit Courts	f			
ohiocivright	C	Ohio Civil Rights Commission	Ohio Civil Rights Commission	f			
ohiocountyct	ST	Ohio County Court	Ohio County Court	f			
ohioctapp	SA	Ohio Court of Appeals	Ohio Court of Appeals	t	1912-01-01		
ohioctcl	SS	Ohio Court of Claims	Ohio Court of Claims	t			
ohioctcompl	ST	Court Of Common Pleas Of Ohio	Court of Common Pleas of Ohio	f	1787-01-01		
ohioctnp	ST	Ohio Court of Nisi Prius	Ohio Court of Nisi Prius	f			
ohioctyctashtab	ST	Ashtabula County Courts, Ohio	Ashtabula County Courts, Ohio	f			ohiocountyct
ohioctyctbelmon	ST	Belmont County Courts, Ohio	Belmont County Courts, Ohio	f			ohiocountyct
ohioctyctbrown	ST	Brown County Courts, Ohio	Brown County Courts, Ohio	f			ohiocountyct
ohioctyctbutler	ST	Butler County Courts, Ohio	Butler County Courts, Ohio	f			ohiocountyct
ohioctyctclark	ST	Clark County Court, Ohio	Clark County Court, Ohio	f			ohiocountyct
ohioctyctcolum	ST	Columbiana County Courts, Ohio	Columbiana County Courts, Ohio	f			ohiocountyct
ohioctyctcosh	ST	Coshocton County Court, Ohio	Coshocton County Court, Ohio	f			ohiocountyct
ohioctyctfrank	ST	Franklin County Courts, Ohio	Franklin County Courts, Ohio	f			ohiocountyct
ohioctyctharris	ST	Harrison County Court, Ohio	Harrison County Court, Ohio	f			ohiocountyct
ohioctycthighla	ST	Highland County Court, Ohio	Highland County Court, Ohio	f			ohiocountyct
ohioctyctmahoni	ST	Mahoning County Courts, Ohio	Mahoning County Courts, Ohio	f			ohiocountyct
ohioctyctmonroe	ST	Monroe County Court, Ohio	Monroe County Court, Ohio	f			ohiocountyct
ohioctyctmuskin	ST	Muskingum County Court, Ohio	Muskingum County Court, Ohio	f			ohiocountyct
ohioctyctpauldi	ST	Paulding County Court, Ohio	Paulding County Court, Ohio	f			ohiocountyct
ohioctyctperry	ST	Perry County Court, Ohio	Perry County Court, Ohio	f			ohiocountyct
ohioctyctpike	ST	Pike County Court, Ohio	Pike County Court, Ohio	f			ohiocountyct
ohioctyctstark	ST	Stark County Courts, Ohio	Stark County Courts, Ohio	f			ohiocountyct
ohioctycttrumbu	ST	Trumbull County Courts, Ohio	Trumbull County Courts, Ohio	f			ohiocountyct
ohiod	FD	District Court, D. Ohio	D. Ohio	t	1803-02-19	1855-02-10	usdistct
ohiopuc	ST	Ohio Public Utilities Commission	Ohio Public Utilities Commission	f			
ohiorac	SS	Ohio State Racing Commission	Ohio State Racing Commission	f			
ohiosuperct	ST	Ohio Superior Court	Ohio Superior Court	f			
ohiotax	SS	Board of Tax Appeals of Ohio Department of Taxation	Board of Tax Appeals of Ohio Department of Taxation	f			
ohjuvct	ST	Ohio Juvenile Court	Ohio Juvenile Court	f			
ohjuvctallen	ST	Allen County Juvenile Court	Allen County Juvenile Court	f			ohjuvct
ohjuvctcolumbia	ST	Columbiana County Juvenile Court	Columbiana County Juvenile Court	f			ohjuvct
ohjuvctcuyahoga	ST	Cuyahoga County Juvenile Court	Cuyahoga County Juvenile Court	f			ohjuvct
ohjuvctgreene	ST	Greene County Juvenile Court	Greene County Juvenile Court	f			ohjuvct
ohjuvcthamilton	ST	Hamilton County Juvenile Court	Hamilton County Juvenile Court	f			ohjuvct
ohjuvcthuron	ST	Huron County Juvenile Court	Huron County Juvenile Court	f			ohjuvct
ohjuvctlicking	ST	Licking County Juvenile Court	Licking County Juvenile Court	f			ohjuvct
ohjuvctlucas	ST	Lucas County Juvenile Court	Lucas County Juvenile Court	f			ohjuvct
ohjuvctmarion	ST	Marion County Juvenile Court	Marion County Juvenile Court	f			ohjuvct
ohjuvctmuskingu	ST	Muskingum County Juvenile Court	Muskingum County Juvenile Court	f			ohjuvct
ohjuvctnoble	ST	Noble County Juvenile Court	Noble County Juvenile Court	f			ohjuvct
ohjuvctpreble	ST	Preble County Juvenile Court	Preble County Juvenile Court	f			ohjuvct
ohjuvcttuscaraw	ST	Tuscarawas County Juvenile Court	Tuscarawas County Juvenile Court	f			ohjuvct
ohjuvctwarren	ST	Warren County Juvenile Court	Warren County Juvenile Court	f			ohjuvct
ohjuvctwayne	ST	Wayne County Juvenile Court	Wayne County Juvenile Court	f			ohjuvct
ohmayorct	ST	Ohio Police Court	Ohio Police Court	f			
ohmayorctcinci	ST	Cincinnati Police Court	Cincinnati Police Court	f			ohmayorct
ohmayorctclev	ST	Cleveland Police Court	Cleveland Police Court	f			ohmayorct
ohmayorctcolum	ST	Columbus Police Court	Columbus Police Court	f			ohmayorct
ohmunict	ST	Municipal Courts of Ohio	Municipal Courts of Ohio	f			
ohmunictakron	ST	Akron Municipal Court	Akron Municipal Court	f			ohmunict
ohmunictashland	ST	Ashland Municipal Court	Ashland Municipal Court	f			ohmunict
ohmunictashtabu	ST	Ashtabula Municipal Court	Ashtabula Municipal Court	f			ohmunict
ohmunictathens	ST	Athens County Municipal Court	Athens County Municipal Court	f			ohmunict
ohmunictauglaiz	ST	Auglaize County Municipal Court	Auglaize County Municipal Court	f			ohmunict
ohmunictavonlak	ST	Avon Lake Municipal Court	Avon Lake Municipal Court	f			ohmunict
ohmunictbarbert	ST	Barberton Municipal Court	Barberton Municipal Court	f			ohmunict
ohmunictbedford	ST	Bedford Municipal Court	Bedford Municipal Court	f			ohmunict
ohmunictbellefo	ST	Bellefontaine Municipal Court	Bellefontaine Municipal Court	f			ohmunict
ohmunictberea	ST	Berea Municipal Court	Berea Municipal Court	f			ohmunict
ohmunictbowling	ST	Bowling Green County Municipal Court	Bowling Green County Municipal Court	f			ohmunict
ohmunictcanton	ST	Canton Municipal Court	Canton Municipal Court	f			ohmunict
ohmunictcelina	ST	Celina Municipal Court	Celina Municipal Court	f			ohmunict
ohmunictchardon	ST	Chardon Municipal Court	Chardon Municipal Court	f			ohmunict
ohmunictchillic	ST	Chillicothe Municipal Court	Chillicothe Municipal Court	f			ohmunict
ohmunictcincinn	ST	Cincinnati Municipal Court	Cincinnati Municipal Court	f			ohmunict
ohmunictcirclev	ST	Circleville Municipal Court	Circleville Municipal Court	f			ohmunict
ohmunictclark	ST	Clark County Municipal Court	Clark County Municipal Court	f			ohmunict
ohmunictclermon	ST	Clermont County Municipal Court	Clermont County Municipal Court	f			ohmunict
ohmunictclevela	ST	City of Cleveland Municipal Court	City of Cleveland Municipal Court	f			ohmunict
ohmunictcolumbu	ST	City of Columbus Municipal Court	City of Columbus Municipal Court	f			ohmunict
ohmunictcrawfor	ST	Crawford County Municipal Court	Crawford County Municipal Court	f			ohmunict
ohmunictcuyahog	ST	Cuyahoga County Municipal Court	Cuyahoga County Municipal Court	f			ohmunict
ohmunictcuyfall	ST	Cuyahoga Falls Municipal Court	Cuyahoga Falls Municipal Court	f			ohmunict
ohmunictdarke	ST	Darke County Municipal Court	Darke County Municipal Court	f			ohmunict
ohmunictdayton	ST	City of Dayton Municipal Court	City of Dayton Municipal Court	f			ohmunict
ohmunicteastliv	ST	East Liverpool Municipal Court	East Liverpool Municipal Court	f			ohmunict
ohmunictelyria	ST	Elyria Municipal Court	Elyria Municipal Court	f			ohmunict
ohmunicteuclid	ST	Euclid Municipal Court	Euclid Municipal Court	f			ohmunict
ohmunicteuclidc	ST	Euclid City Municipal Court	Euclid City Municipal Court	f			ohmunict
ohmunictfindlay	ST	Findlay Municipal Court	Findlay Municipal Court	f			ohmunict
ohmunictfostori	ST	Fostoria Municipal Court	Fostoria Municipal Court	f			ohmunict
ohmunictfrankli	ST	Franklin County Municipal Court	Franklin County Municipal Court	f			ohmunict
ohmunictfremont	ST	Fremont Municipal Court	Fremont Municipal Court	f			ohmunict
ohmunictgallipo	ST	Gallipolis Municipal Court	Gallipolis Municipal Court	f			ohmunict
ohmunictgirard	ST	Girard Municipal Court	Girard Municipal Court	f			ohmunict
ohmunicthamilto	ST	Hamilton County Municipal Court	Hamilton County Municipal Court	f			ohmunict
ohmunicthighlan	ST	Highland County Municipal Court	Highland County Municipal Court	f			ohmunict
ohmunicthocking	ST	Hocking County Municipal Court	Hocking County Municipal Court	f			ohmunict
ohmunictketteri	ST	Kettering Municipal Court	Kettering Municipal Court	f			ohmunict
ohmunictlakewoo	ST	Lakewood Municipal Court	Lakewood Municipal Court	f			ohmunict
ohmunictlancast	ST	Lancaster Municipal Court	Lancaster Municipal Court	f			ohmunict
ohmunictlawrenc	ST	Lawrence County Municipal Court	Lawrence County Municipal Court	f			ohmunict
ohmunictlicking	ST	Licking County Municipal Court	Licking County Municipal Court	f			ohmunict
ohmunictlima	ST	Lima Municipal Court	Lima Municipal Court	f			ohmunict
ohmunictlorain	ST	Lorain Municipal Court	Lorain Municipal Court	f			ohmunict
ohmunictlucas	ST	Lucas County Municipal Court	Lucas County Municipal Court	f			ohmunict
ohmunictmansfie	ST	Mansfield Municipal Court	Mansfield Municipal Court	f			ohmunict
ohmunictmarion	ST	Marion County Municipal Court	Marion County Municipal Court	f			ohmunict
ohmunictmarysvi	ST	Marysville Municipal Court	Marysville Municipal Court	f			ohmunict
ohmunictmassill	ST	Massillon Municipal Court	Massillon Municipal Court	f			ohmunict
ohmunictmaumee	ST	Maumee Municipal Court	Maumee Municipal Court	f			ohmunict
ohmunictmedina	ST	Medina Municipal Court	Medina Municipal Court	f			ohmunict
ohmunictmiamisb	ST	Miamisburg Municipal Court	Miamisburg Municipal Court	f			ohmunict
ohmunictmiddlet	ST	Middletown Municipal Court	Middletown Municipal Court	f			ohmunict
ohmunictmorrow	ST	Morrow County Municipal Court	Morrow County Municipal Court	f			ohmunict
ohmunictnewphil	ST	New Philadelphia Municipal Court	New Philadelphia Municipal Court	f			ohmunict
ohmunictnewtonf	ST	Newton Falls Municipal Court	Newton Falls Municipal Court	f			ohmunict
ohmunictoberlin	ST	Oberlin Municipal Court	Oberlin Municipal Court	f			ohmunict
ohmunictparma	ST	Parma Municipal Court	Parma Municipal Court	f			ohmunict
ohmunictperrysb	ST	Perrysburg Municipal Court	Perrysburg Municipal Court	f			ohmunict
ohmunictpiqua	ST	Piqua Municipal Court	Piqua Municipal Court	f			ohmunict
ohmunictportage	ST	Portage County Municipal Court	Portage County Municipal Court	f			ohmunict
ohmunictportcli	ST	Port Clinton Municipal Court	Port Clinton Municipal Court	f			ohmunict
ohmunictportsmo	ST	Portsmouth Municipal Court	Portsmouth Municipal Court	f			ohmunict
ohmunictravenna	ST	Ravenna Municipal Court	Ravenna Municipal Court	f			ohmunict
ohmunictrockyri	ST	Rocky River Municipal Court	Rocky River Municipal Court	f			ohmunict
ohmunictshakerh	ST	Shaker Heights Municipal Court	Shaker Heights Municipal Court	f			ohmunict
ohmunictsidney	ST	Sidney Municipal Court	Sidney Municipal Court	f			ohmunict
ohmunictsoutheu	ST	South Euclid Municipal Court	South Euclid Municipal Court	f			ohmunict
ohmunictspringf	ST	Springfield Municipal Court	Springfield Municipal Court	f			ohmunict
ohmunictstruthe	ST	Struthers Municipal Court	Struthers Municipal Court	f			ohmunict
ohmunictsummit	ST	Summit County Municipal Court	Summit County Municipal Court	f			ohmunict
ohmunictsylvani	ST	Sylvania Municipal Court	Sylvania Municipal Court	f			ohmunict
ohmunicttiffin	ST	Tiffin Municipal Court	Tiffin Municipal Court	f			ohmunict
ohmunicttoledo	ST	Toledo Municipal Court	Toledo Municipal Court	f			ohmunict
ohmunicttrumbul	ST	Trumbull County Municipal Court	Trumbull County Municipal Court	f			ohmunict
ohmunictuppersa	ST	Upper Sandusky Municipal Court	Upper Sandusky Municipal Court	f			ohmunict
ohmunictvandali	ST	Municipal Court of Vandalia	Municipal Court of Vandalia	f			ohmunict
ohmunictvanwert	ST	Van Wert County Municipal Court	Van Wert County Municipal Court	f			ohmunict
ohmunictwadswor	ST	Wadsworth Municipal Court	Wadsworth Municipal Court	f			ohmunict
ohmunictwarren	ST	Warren County Municipal Court	Warren County Municipal Court	f			ohmunict
ohmunictwayne	ST	Wayne County Municipal Court	Wayne County Municipal Court	f			ohmunict
ohmunictwilloug	ST	Willoughby Municipal Court	Willoughby Municipal Court	f			ohmunict
ohmunictxenia	ST	Xenia Municipal Court	Xenia Municipal Court	f			ohmunict
ohmunictzanesvi	ST	Zanesville Municipal Court	Zanesville Municipal Court	f			ohmunict
ohnb	FB	United States Bankruptcy Court, N.D. Ohio	N.D. Ohio	t			
ohnd	FD	District Court, N.D. Ohio	N.D. Ohio	t			usdistct
ohprobct	ST	Ohio Probate Court	Ohio Probate Court	f			
ohprobctallen	ST	Allen County Probate Court	Allen County Probate Court	f			ohprobct
ohprobctashtabu	ST	Ashtabula County Probate Court	Ashtabula County Probate Court	f			ohprobct
ohprobctauglaiz	ST	Auglaize County Probate Court	Auglaize County Probate Court	f			ohprobct
ohprobctbelmont	ST	Belmont County Probate Court	Belmont County Probate Court	f			ohprobct
ohprobctbutler	ST	Butler County Probate Court	Butler County Probate Court	f			ohprobct
ohprobctchampai	ST	Champaign County Probate Court	Champaign County Probate Court	f			ohprobct
ohprobctclark	ST	Clark County Probate Court	Clark County Probate Court	f			ohprobct
ohprobctclarke	ST	Clarke County Probate Court	Clarke County Probate Court	f			ohprobct
ohprobctclermon	ST	Clermont County Probate Court	Clermont County Probate Court	f			ohprobct
ohprobctclinton	ST	Clinton County Probate Court	Clinton County Probate Court	f			ohprobct
ohprobctcolumbi	ST	Columbiana County Probate Court	Columbiana County Probate Court	f			ohprobct
ohprobctcuyahog	ST	Cuyahoga County Probate Court	Cuyahoga County Probate Court	f			ohprobct
ohprobctdarke	ST	Darke County Probate Court	Darke County Probate Court	f			ohprobct
ohprobcterie	ST	Erie County Probate Court	Erie County Probate Court	f			ohprobct
ohprobctfairfie	ST	Fairfield County Probate Court	Fairfield County Probate Court	f			ohprobct
ohprobctfayette	ST	Fayette County Probate Court	Fayette County Probate Court	f			ohprobct
ohprobctfrankli	ST	Ohio Probate Court of Franklin County	Ohio Probate Court of Franklin County	f			ohprobct
ohprobctfulton	ST	Fulton County Probate Court	Fulton County Probate Court	f			ohprobct
ohprobctgeauga	ST	Geauga County Probate Court	Geauga County Probate Court	f			ohprobct
ohprobctgreene	ST	Greene County Probate Court	Greene County Probate Court	f			ohprobct
ohprobcthamilto	ST	Hamilton County Probate Court	Hamilton County Probate Court	f			ohprobct
ohprobcthancock	ST	Hancock County Probate Court	Hancock County Probate Court	f			ohprobct
ohprobcthardin	ST	Hardin County Probate Court	Hardin County Probate Court	f			ohprobct
ohprobctharriso	ST	Harrison County Probate Court	Harrison County Probate Court	f			ohprobct
ohprobcthenry	ST	Henry County Probate Court	Henry County Probate Court	f			ohprobct
ohprobcthighlan	ST	Highland County Probate Court	Highland County Probate Court	f			ohprobct
ohprobcthuron	ST	Huron County Probate Court	Huron County Probate Court	f			ohprobct
ohprobctjackson	ST	Jackson County Probate Court	Jackson County Probate Court	f			ohprobct
ohprobctjeffers	ST	Jefferson County Probate Court	Jefferson County Probate Court	f			ohprobct
ohprobctknox	ST	Knox County Probate Court	Knox County Probate Court	f			ohprobct
ohprobctlake	ST	Lake County Probate Court	Lake County Probate Court	f			ohprobct
ohprobctlicking	ST	Licking County Probate Court	Licking County Probate Court	f			ohprobct
ohprobctlorain	ST	Lorain County Probate Court	Lorain County Probate Court	f			ohprobct
ohprobctlucas	ST	Lucas County Probate Court	Lucas County Probate Court	f			ohprobct
ohprobctmadison	ST	Madison County Probate Court	Madison County Probate Court	f			ohprobct
ohprobctmahonin	ST	Mahoning County Probate Court	Mahoning County Probate Court	f			ohprobct
ohprobctmarion	ST	Marion County Probate Court	Marion County Probate Court	f			ohprobct
ohprobctmeigs	ST	Meigs County Probate Court	Meigs County Probate Court	f			ohprobct
ohprobctmercer	ST	Mercer County Probate Court	Mercer County Probate Court	f			ohprobct
ohprobctmiami	ST	Miami County Probate Court	Miami County Probate Court	f			ohprobct
ohprobctmontgom	ST	Montgomery County Probate Court	Montgomery County Probate Court	f			ohprobct
ohprobctmorgan	ST	Morgan County Probate Court	Morgan County Probate Court	f			ohprobct
ohprobctmusking	ST	Muskingum County Probate Court	Muskingum County Probate Court	f			ohprobct
ohprobctnoble	ST	Noble County Probate Court	Noble County Probate Court	f			ohprobct
ohprobctperry	ST	Perry County Probate Court	Perry County Probate Court	f			ohprobct
ohprobctpike	ST	Pike County Probate Court	Pike County Probate Court	f			ohprobct
ohprobctportage	ST	Portage County Probate Court	Portage County Probate Court	f			ohprobct
ohprobctpreble	ST	Preble County Probate Court	Preble County Probate Court	f			ohprobct
ohprobctputnam	ST	Putnam County Probate Court	Putnam County Probate Court	f			ohprobct
ohprobctross	ST	Ross County Probate Court	Ross County Probate Court	f			ohprobct
ohprobctsandusk	ST	Sandusky County Probate Court	Sandusky County Probate Court	f			ohprobct
ohprobctscioto	ST	Scioto County Probate Court	Scioto County Probate Court	f			ohprobct
ohprobctseneca	ST	Seneca County Probate Court	Seneca County Probate Court	f			ohprobct
ohprobctshelby	ST	Shelby County Probate Court	Shelby County Probate Court	f			ohprobct
ohprobctstark	ST	Stark County Probate Court	Stark County Probate Court	f			ohprobct
ohprobctsummit	ST	Summit County Probate Court	Summit County Probate Court	f			ohprobct
ohprobcttrumbul	ST	Trumbull County Probate Court	Trumbull County Probate Court	f			ohprobct
ohprobcttuscara	ST	Tuscarawas County Probate Court	Tuscarawas County Probate Court	f			ohprobct
ohprobctunion	ST	Union County Probate Court	Union County Probate Court	f			ohprobct
ohprobctvanwer	ST	Van Wert County Probate Court	Van Wert County Probate Court	f			ohprobct
ohprobctwarren	ST	Warren County Probate Court	Warren County Probate Court	f			ohprobct
ohprobctwashing	ST	Washington County Probate Court	Washington County Probate Court	f			ohprobct
ohprobctwayne	ST	Wayne County Probate Court	Wayne County Probate Court	f			ohprobct
ohsb	FB	United States Bankruptcy Court, S.D. Ohio	S.D. Ohio	t			
ohsd	FD	District Court, S.D. Ohio	S.D. Ohio	t			usdistct
ohsuperctcinci	ST	Ohio Superior Court, Cincinnati	Ohio Superior Court, Cincinnati	f			ohiosuperct
okd	FD	United States District Court for the District of Oklahoma	United States District Court for the District of Oklahoma	f			usdistct
okeb	FB	United States Bankruptcy Court, E.D. Oklahoma	E.D. Oklahoma	t			
oked	FD	District Court, E.D. Oklahoma	E.D. Oklahoma	t			usdistct
okla	S	Supreme Court of Oklahoma	Supreme Court of Oklahoma	t	1884-01-01		
oklaag	SS	Oklahoma Attorney General Reports	Oklahoma Attorney General Reports	t			
oklacivapp	SA	Court of Civil Appeals of Oklahoma	Court of Civil Appeals of Oklahoma	t	1968-01-01		
oklacoj	SS	Court on the Judiciary of Oklahoma	Court on the Judiciary of Oklahoma	t			
oklacrimapp	SA	Court of Criminal Appeals of Oklahoma	Court of Criminal Appeals of Oklahoma	t			
oklajeap	SS	Oklahoma Judicial Ethics Advisory Panel	Oklahoma Judicial Ethics Advisory Panel	t			
oknb	FB	United States Bankruptcy Court, N.D. Oklahoma	N.D. Oklahoma	t			
oknd	FD	District Court, N.D. Oklahoma	N.D. Oklahoma	t			usdistct
okwb	FB	United States Bankruptcy Court, W.D. Oklahoma	W.D. Oklahoma	t			
okwd	FD	District Court, W.D. Oklahoma	W.D. Oklahoma	t			usdistct
olc	FS	Department of Justice Office of Legal Counsel	Office of Legal Counsel	t			ag
oneidactapp	TRA	Oneida Appellate Court	Oneida Appellate Court	t			
oneidatrialct	TRT	Oneida Tribal Judicial System, Trial Court	Oneida Tribal Judicial System, Trial Court	t			
or	S	Oregon Supreme Court	Oregon Supreme Court	t	1841-01-01		
orb	FB	United States Bankruptcy Court, D. Oregon	D. Oregon	t			
orcc	ST	Oregon County Circuit Courts	Oregon County Circuit Courts	f			
orccbaker	ST	Baker County Circuit Court, Oregon	Baker County Circuit Court, Oregon	f			orcc
orccbenton	ST	Benton County Circuit Court, Oregon	Benton County Circuit Court, Oregon	f			orcc
orccclackamas	ST	Clackamas County Circuit Court, Oregon	Clackamas County Circuit Court, Oregon	f			orcc
orccclatsop	ST	Clatsop County Circuit Court, Oregon	Clatsop County Circuit Court, Oregon	f			orcc
orcccolumbia	ST	Columbia County Circuit Court, Oregon	Columbia County Circuit Court, Oregon	f			orcc
orcccoos	ST	Coos County Circuit Court, Oregon	Coos County Circuit Court, Oregon	f			orcc
orccdeschutes	ST	Deschutes County Circuit Court, Oregon	Deschutes County Circuit Court, Oregon	f			orcc
orccdouglas	ST	Douglas County Circuit Court, Oregon	Douglas County Circuit Court, Oregon	f			orcc
orccjackson	ST	Jackson County Circuit Court, Oregon	Jackson County Circuit Court, Oregon	f			orcc
orccjosephine	ST	Josephine County Circuit Court, Oregon	Josephine County Circuit Court, Oregon	f			orcc
orccklamath	ST	Klamath County Circuit Court, Oregon	Klamath County Circuit Court, Oregon	f			orcc
orcclake	ST	Lake County Circuit Court, Oregon	Lake County Circuit Court, Oregon	f			orcc
orcclane	ST	Lane County Circuit Court, Oregon	Lane County Circuit Court, Oregon	f			orcc
orcclincoln	ST	Lincoln County Circuit Court, Oregon	Lincoln County Circuit Court, Oregon	f			orcc
orcclinn	ST	Linn County Circuit Court, Oregon	Linn County Circuit Court, Oregon	f			orcc
orccmalheur	ST	Malheur County Circuit Court, Oregon	Malheur County Circuit Court, Oregon	f			orcc
orccmarion	ST	Marion County Circuit Court, Oregon	Marion County Circuit Court, Oregon	f			orcc
orccmorrow	ST	Morrow County Circuit Court, Oregon	Morrow County Circuit Court, Oregon	f			orcc
orccmultnomah	ST	Multnomah County Circuit Court, Oregon	Multnomah County Circuit Court, Oregon	f			orcc
orccpolk	ST	Polk County Circuit Court, Oregon	Polk County Circuit Court, Oregon	f			orcc
orcctillamook	ST	Tillamook County Circuit Court, Oregon	Tillamook County Circuit Court, Oregon	f			orcc
orccumatilla	ST	Umatilla County Circuit Court, Oregon	Umatilla County Circuit Court, Oregon	f			orcc
orccunion	ST	Union County Circuit Court, Oregon	Union County Circuit Court, Oregon	f			orcc
orccwasco	ST	Wasco County Circuit Court, Oregon	Wasco County Circuit Court, Oregon	f			orcc
orccwashington	ST	Washington County Circuit Court, Oregon	Washington County Circuit Court, Oregon	f			orcc
orccyamhill	ST	Yamhill County Circuit Court, Oregon	Yamhill County Circuit Court, Oregon	f			orcc
orctapp	SA	Court of Appeals of Oregon	Court of Appeals of Oregon	t	1969-07-01		
ord	FD	District Court, D. Oregon	D. Oregon	t			usdistct
orld	FD	District Court, Orleans	Orleans District Court	t	1804-03-26	1812-04-08	usdistct
ortc	SS	Oregon Tax Court	Oregon Tax Court	t			
pa	S	Supreme Court of Pennsylvania	Supreme Court of Pennsylvania	t	1722-05-22		
paadmct	SS	Pennsylvania Admiralty Court	Pennsylvania Admiralty Court	f			
paag	SAG	Pennsylvania Office of the Attorney General	Pennsylvania Office of the Attorney General	f			
paarbpnlhc	SS	Pennsylvania Arbitration Panels for Health Care	Pennsylvania Arbitration Panels for Health Care	f			
pacommwct	SA	Commonwealth Court of Pennsylvania	Commonwealth Court of Pennsylvania	t	1968-01-01		
pactcompl	ST	Pennsylvania Court of Common Pleas	Pennsylvania Court of Common Pleas	f			
pactcompladams	ST	Pennsylvania Court of Common Pleas, Adams County	Adams County Court of Common Pleas	f			pactcompl
pactcomplallegh	ST	Pennsylvania Court of Common Pleas, Alleghany County	Alleghany County Court of Common Pleas	f			pactcompl
pactcomplarmstr	ST	Pennsylvania Court of Common Pleas, Armstrong County	Armstrong County Court of Common Pleas	f			pactcompl
pactcomplbeaver	ST	Pennsylvania Court of Common Pleas, Beaver County	Beaver County Court of Common Pleas	f			pactcompl
pactcomplbedfor	ST	Pennsylvania Court of Common Pleas, Bedford County	Bedford County Court of Common Pleas	f			pactcompl
pactcomplberks	ST	Pennsylvania Court of Common Pleas, Berks County	Berks County Court of Common Pleas	f			pactcompl
pactcomplblair	ST	Pennsylvania Court of Common Pleas, Blair County	Blair County Court of Common Pleas	f			pactcompl
pactcomplbradfo	ST	Pennsylvania Court of Common Pleas, Bradford County	Bradford County Court of Common Pleas	f			pactcompl
pactcomplbucks	ST	Pennsylvania Court of Common Pleas, Bucks County	Bucks County Court of Common Pleas	f			pactcompl
pactcomplbutler	ST	Pennsylvania Court of Common Pleas, Butler County	Butler County Court of Common Pleas	f			pactcompl
pactcomplcambri	ST	Pennsylvania Court of Common Pleas, Cambria County	Cambria County Court of Common Pleas	f			pactcompl
pactcomplcamero	ST	Pennsylvania Court of Common Pleas, Cameron County	Cameron County Court of Common Pleas	f			pactcompl
pactcomplcarbon	ST	Pennsylvania Court of Common Pleas, Carbon County	Carbon County Court of Common Pleas	f			pactcompl
pactcomplcentre	ST	Pennsylvania Court of Common Pleas, Centre County	Centre County Court of Common Pleas	f			pactcompl
pactcomplcheste	ST	Pennsylvania Court of Common Pleas, Chester County	Chester County Court of Common Pleas	f			pactcompl
pactcomplclario	ST	Pennsylvania Court of Common Pleas, Clarion County	Clarion County Court of Common Pleas	f			pactcompl
pactcomplclearf	ST	Pennsylvania Court of Common Pleas, Clearfield County	Clearfield County Court of Common Pleas	f			pactcompl
pactcomplclinto	ST	Pennsylvania Court of Common Pleas, Clinton County	Clinton County Court of Common Pleas	f			pactcompl
pactcomplcolumb	ST	Pennsylvania Court of Common Pleas, Columbia County	Columbia County Court of Common Pleas	f			pactcompl
pactcomplcrawfo	ST	Pennsylvania Court of Common Pleas, Crawford County	Crawford County Court of Common Pleas	f			pactcompl
pactcomplcumber	ST	Pennsylvania Court of Common Pleas, Cumberland County	Cumberland County Court of Common Pleas	f			pactcompl
pactcompldauphi	ST	Pennsylvania Court of Common Pleas, Dauphin County	Dauphin County Court of Common Pleas	f			pactcompl
pactcompldelawa	ST	Pennsylvania Court of Common Pleas, Delaware County	Delaware County Court of Common Pleas	f			pactcompl
pactcomplelk	ST	Pennsylvania Court of Common Pleas, Elk County	Elk County Court of Common Pleas	f			pactcompl
pactcomplerie	ST	Pennsylvania Court of Common Pleas, Erie County	Erie County Court Common Pleas	f			pactcompl
pactcomplfayett	ST	Pennsylvania Court of Common Pleas, Fayette County	Fayette County Court	f			pactcompl
pactcomplforest	ST	Pennsylvania Court of Common Pleas, Forest County	Forest County Court of Common Pleas	f			pactcompl
pactcomplfrankl	ST	Pennsylvania Court of Common Pleas, Franklin County	Franklin County Court of Common Pleas	f			pactcompl
pactcomplfulton	ST	Pennsylvania Court of Common Pleas, Fulton County	Fulton County Court of Common Pleas	f			pactcompl
pactcomplgreen	ST	Pennsylvania Court of Common Pleas, Green County	Green County Court of Common Pleas	f			pactcompl
pactcomplgreene	ST	Pennsylvania Court of Common Pleas, Greene County	Greene County Court of Common Pleas	f			pactcompl
pactcomplharris	ST	Pennsylvania Court of Common Pleas, Harrisburg County	Harrisburg County Court of Common Pleas	f			pactcompl
pactcomplhuntin	ST	Pennsylvania Court of Common Pleas, Huntingdon County	Huntingdon County Court of Common Pleas	f			pactcompl
pactcomplindian	ST	Pennsylvania Court of Common Pleas, Indiana County	Indiana County Court of Common Pleas	f			pactcompl
pactcompljeffer	ST	Pennsylvania Court of Common Pleas, Jefferson County	Jefferson County Court of Common Pleas	f			pactcompl
pactcompljuniat	ST	Pennsylvania Court of Common Pleas, Juniata County	Juniata County Court of Common Pleas	f			pactcompl
pactcompllackaw	ST	Pennsylvania Court of Common Pleas, Lackawanna County	Lackawanna County Court of Common Pleas	f			pactcompl
pactcompllancas	ST	Pennsylvania Court of Common Pleas, Lancaster County	Lancaster County Court of Common Pleas	f			pactcompl
pactcompllawren	ST	Pennsylvania Court of Common Pleas, Lawrence County	Lawrence County Court of Common Pleas	f			pactcompl
pactcompllebano	ST	Pennsylvania Court of Common Pleas, Lebanon County	Lebanon County Court of Common Pleas	f			pactcompl
pactcompllehigh	ST	Pennsylvania Court of Common Pleas, Lehigh County	Lehigh County Court of Common Pleas	f			pactcompl
pactcomplluzern	ST	Pennsylvania Court of Common Pleas, Luzerne County	Luzerne County Court of Common Pleas	f			pactcompl
pactcompllycomi	ST	Pennsylvania Court of Common Pleas, Lycoming County	Lycoming County Court of Common Pleas	f			pactcompl
pactcomplmckean	ST	Pennsylvania Court of Common Pleas, McKean County	McKean County Court of Common Pleas	f			pactcompl
pactcomplmercer	ST	Pennsylvania Court of Common Pleas, Mercer County	Mercer County Court of Common Pleas	f			pactcompl
pactcomplmiffli	ST	Pennsylvania Court of Common Pleas, Mifflin County	Mifflin County Court of Common Pleas	f			pactcompl
pactcomplmonroe	ST	Pennsylvania Court of Common Pleas, Monroe County	Monroe County Court of Common Pleas	f			pactcompl
pactcomplmontgo	ST	Pennsylvania Court of Common Pleas, Montgomery County	Montgomery County Court of Common Pleas	f			pactcompl
pactcomplmontou	ST	Pennsylvania Court of Common Pleas, Montour County	Montour County Court of Common Pleas	f			pactcompl
pactcomplnortha	ST	Pennsylvania Court of Common Pleas, Northampton County	Northampton County Court of Common Pleas	f			pactcompl
pactcomplnorthu	ST	Pennsylvania Court of Common Pleas, Northumberland County	Northumberland County Court of Common Pleas	f			pactcompl
pactcomplperry	ST	Pennsylvania Court of Common Pleas, Perry County	Perry County Court of Common Pleas	f			pactcompl
pactcomplphilad	ST	Pennsylvania Court of Common Pleas, Philadelphia County	Philadelphia County Court of Common Pleas	f			pactcompl
pactcomplpike	ST	Pennsylvania Court of Common Pleas, Pike County	Pike County Court of Common Pleas	f			pactcompl
pactcomplpotter	ST	Pennsylvania Court of Common Pleas, Potter County	Potter County Court of Common Pleas	f			pactcompl
pactcomplschuyl	ST	Pennsylvania Court of Common Pleas, Schuylkill County	Schuylkill County Court of Common Pleas	f			pactcompl
pactcomplsnyder	ST	Pennsylvania Court of Common Pleas, Snyder County	Snyder County Court of Common Pleas	f			pactcompl
pactcomplsomers	ST	Pennsylvania Court of Common Pleas, Somerset County	Somerset County Court of Common Pleas	f			pactcompl
pactcomplsulliv	ST	Pennsylvania Court of Common Pleas, Sullivan County	Sullivan County Court of Common Pleas	f			pactcompl
pactcomplsunder	ST	Pennsylvania Court of Common Pleas, Sunder County	Sunder County Court of Common Pleas	f			pactcompl
pactcomplsusque	ST	Pennsylvania Court of Common Pleas, Susquehanna County	Susquehanna County Court of Common Pleas	f			pactcompl
pactcomplsynder	ST	Pennsylvania Court of Common Pleas, Synder County	Synder County Court of Common Pleas	f			pactcompl
pactcompltioga	ST	Pennsylvania Court of Common Pleas, Tioga County	Tioga County Court of Common Pleas	f			pactcompl
pactcomplunion	ST	Pennsylvania Court of Common Pleas, Union County	Union County Court of Common Pleas	f			pactcompl
pactcomplvenang	ST	Pennsylvania Court of Common Pleas, Venango County	Venango County Court of Common Pleas	f			pactcompl
pactcomplwarren	ST	Pennsylvania Court of Common Pleas, Warren County	Warren County Court of Common Pleas	f			pactcompl
pactcomplwashin	ST	Pennsylvania Court of Common Pleas, Washington County	Washington County Court of Common Pleas	f			pactcompl
pactcomplwayne	ST	Pennsylvania Court of Common Pleas, Wayne County	Wayne County Court of Common Pleas	f			pactcompl
pactcomplwestmo	ST	Pennsylvania Court of Common Pleas, Westmoreland County	Westmoreland County Court of Common Pleas	f			pactcompl
pactcomplwycomi	ST	Pennsylvania Court of Common Pleas, Wycoming County	Wycoming County Court of Common Pleas	f			pactcompl
pactcomplwyomin	ST	Pennsylvania Court of Common Pleas, Wyoming County	Wyoming County Court of Common Pleas	f			pactcompl
pactcomplyork	ST	Pennsylvania Court of Common Pleas, York County	York County Court of Common Pleas	f			pactcompl
padepted	SS	Pennsylvania Department of Education	Pennsylvania Department of Education	f			
padeptjust	FS	Pennsylvania Department of Justice	Pennsylvania Department of Justice	f			ag
padeptpubwel	SS	Pennsylvania Department of Public Welfare	Pennsylvania Department of Public Welfare	f			
paeb	FB	United States Bankruptcy Court, E.D. Pennsylvania	E.D. Pennsylvania	t			
paed	FD	District Court, E.D. Pennsylvania	E.D. Pennsylvania	t			usdistct
paenvhrbd	SS	Pennsylvania Environmental Hearing Board	Pennsylvania Environmental Hearing Board	f			
pajuvct	SS	Pennsylvania Juvenile Courts	Penn. Juv. Court	f			
pajuvctcambria	ST	Cambria County of Juvenile Court	Cambria County of Juvenile Court	f			pajuvct
pajuvctdel	ST	Delaware County Juvenile Court	Delaware County Juvenile Court	f			pajuvct
pamb	FB	United States Bankruptcy Court, M.D. Pennsylvania	M.D. Pennsylvania	t			
pamd	FD	District Court, M.D. Pennsylvania	M.D. Pennsylvania	t			usdistct
pamunict	ST	Pennsylvania Municipal Court	Pennsylvania Municipal Court	f			
pamunictphila	ST	Pennylvania Municipal Court, Philadelphia County	Philadelphia County Municipal Court	f			pamunict
paorphct	ST	Pennsylvania Orphans' Court	Pennsylvania Orphans' Court	f			
paorphctadams	ST	Pennsylvania Orphans' Court, Adams County	Adams County Orphans' Court	f			paorphct
paorphctallegh	ST	Pennsylvania Orphans' Court, Allegheny County	Allegheny County Orphans' Court	f			paorphct
paorphctarmstr	ST	Pennsylvania Orphans' Court, Armstrong County	Armstrong County Orphans' Court	f			paorphct
paorphctbeaver	ST	Pennsylvania Orphans' Court, Beaver County	Beaver County Orphans' Court	f			paorphct
paorphctbedfor	ST	Pennsylvania Orphans' Court, Bedford County	Bedford County Orphans' Court	f			paorphct
paorphctberks	ST	Pennsylvania Orphans' Court, Berks County	Berks County Orphans' Court	f			paorphct
paorphctblair	ST	Pennsylvania Orphans' Court, Blair County	Blair County Orphans' Court	f			paorphct
paorphctbradfo	ST	Pennsylvania Orphans' Court, Bradford County	Bradford County Orphans' Court	f			paorphct
paorphctbucks	ST	Pennsylvania Orphans' Court, Bucks County	Bucks County Orphans' Court	f			paorphct
paorphctbutler	ST	Pennsylvania Orphans' Court, Butler County	Butler County Orphans' Court	f			paorphct
paorphctcambri	ST	Pennsylvania Orphans' Court, Cambria County	Cambria County Orphans' Court	f			paorphct
paorphctcamero	ST	Pennsylvania Orphans' Court, Cameron County	Cameron County Orphans' Court	f			paorphct
paorphctcarbon	ST	Pennsylvania Orphans' Court, Carbon County	Carbon County Orphans' Court	f			paorphct
paorphctcentre	ST	Pennsylvania Orphans' Court, Centre County	Centre County Orphans' Court	f			paorphct
paorphctcheste	ST	Pennsylvania Orphans' Court, Chester County	Chester County Orphans' Court	f			paorphct
paorphctclario	ST	Pennsylvania Orphans' Court, Clarion County	Clarion County Orphans' Court	f			paorphct
paorphctclearf	ST	Pennsylvania Orphans' Court, Clearfield County	Clearfield County Orphans' Court	f			paorphct
paorphctclinto	ST	Pennsylvania Orphans' Court, Clinton County	Clinton County Orphans' Court	f			paorphct
paorphctcolumb	ST	Pennsylvania Orphans' Court, Columbia County	Columbia County Orphans' Court	f			paorphct
paorphctcrawfo	ST	Pennsylvania Orphans' Court, Crawford County	Crawford County Orphans' Court	f			paorphct
paorphctcumber	ST	Pennsylvania Orphans' Court, Cumberland County	Cumberland County Orphans' Court	f			paorphct
paorphctdauphi	ST	Pennsylvania Orphans' Court, Dauphin County	Dauphin County Orphans' Court	f			paorphct
paorphctdelawa	ST	Pennsylvania Orphans' Court, Delaware County	Delaware County Orphans' Court	f			paorphct
paorphctelk	ST	Pennsylvania Orphans' Court, Elk County	Elk County Orphans' Court	f			paorphct
paorphcterie	ST	Pennsylvania Orphans' Court, Erie County	Erie County Orphans' Court	f			paorphct
paorphctfayett	ST	Pennsylvania Orphans' Court, Fayette County	Fayette County Orphans' Court	f			paorphct
paorphctforest	ST	Pennsylvania Orphans' Court, Forest County	Forest County Orphans' Court	f			paorphct
paorphctfrankl	ST	Pennsylvania Orphans' Court, Franklin County	Franklin County Orphans' Court	f			paorphct
paorphctfulton	ST	Pennsylvania Orphans' Court, Fulton County	Fulton County Orphans' Court	f			paorphct
paorphctgreene	ST	Pennsylvania Orphans' Court, Greene County	Greene County Orphans' Court	f			paorphct
paorphcthuntin	ST	Pennsylvania Orphans' Court, Huntingdon County	Huntingdon County Orphans' Court	f			paorphct
paorphctindian	ST	Pennsylvania Orphans' Court, Indiana County	Indiana County Orphans' Court	f			paorphct
paorphctjeffer	ST	Pennsylvania Orphans' Court, Jefferson County	Jefferson County Orphans' Court	f			paorphct
paorphctjuniat	ST	Pennsylvania Orphans' Court, Juniata County	Juniata County Orphans' Court	f			paorphct
paorphctlackaw	ST	Pennsylvania Orphans' Court, Lackawanna County	Lackawanna County Orphans' Court	f			paorphct
paorphctlancas	ST	Pennsylvania Orphans' Court, Lancaster County	Lancaster County Orphans' Court	f			paorphct
paorphctlawren	ST	Pennsylvania Orphans' Court, Lawrence County	Lawrence County Orphans' Court	f			paorphct
paorphctlebano	ST	Pennsylvania Orphans' Court, Lebanon County	Lebanon County Orphans' Court	f			paorphct
paorphctlehigh	ST	Pennsylvania Orphans' Court, Lehigh County	Lehigh County Orphans' Court	f			paorphct
paorphctluzern	ST	Pennsylvania Orphans' Court, Luzerne County	Luzerne County Orphans' Court	f			paorphct
paorphctlycomi	ST	Pennsylvania Orphans' Court, Lycoming County	Lycoming County Orphans' Court	f			paorphct
paorphctmercer	ST	Pennsylvania Orphans' Court, Mercer County	Mercer County Orphans' Court	f			paorphct
paorphctmiffli	ST	Pennsylvania Orphans' Court, Mifflin County	Mifflin County Orphans' Court	f			paorphct
paorphctmongto	ST	Pennsylvania Orphans' Court, Mongtomery County	Mongtomery County Orphans' Court	f			paorphct
paorphctmonroe	ST	Pennsylvania Orphans' Court, Monroe County	Monroe County Orphans' Court	f			paorphct
paorphctmontgo	ST	Pennsylvania Orphans' Court, Montgomery County	Montgomery County Orphans' Court	f			paorphct
paorphctmontou	ST	Pennsylvania Orphans' Court, Montour County	Montour County Orphans' Court	f			paorphct
paorphctnortha	ST	Pennsylvania Orphans' Court, Northampton County	Northampton County Orphans' Court	f			paorphct
paorphctnorthu	ST	Pennsylvania Orphans' Court, Northumberland County	Northumberland County Orphans' Court	f			paorphct
paorphctperry	ST	Pennsylvania Orphans' Court, Perry County	Perry County Orphans' Court	f			paorphct
paorphctphilad	ST	Pennsylvania Orphans' Court, Philadelphia County	Philadelphia County Orphans' Court	f			paorphct
paorphctpike	ST	Pennsylvania Orphans' Court, Pike County	Pike County Orphans' Court	f			paorphct
paorphctschuyl	ST	Pennsylvania Orphans' Court, Schuylkill County	Schuylkill County Orphans' Court	f			paorphct
paorphctsnyder	ST	Pennsylvania Orphans' Court, Snyder County	Snyder County Orphans' Court	f			paorphct
paorphctsomers	ST	Pennsylvania Orphans' Court, Somerset County	Somerset County Orphans' Court	f			paorphct
paorphctsulliv	ST	Pennsylvania Orphans' Court, Sullivan County	Sullivan County Orphans' Court	f			paorphct
paorphctsusque	ST	Pennsylvania Orphans' Court, Susquehanna County	Susquehanna County Orphans' Court	f			paorphct
paorphcttioga	ST	Pennsylvania Orphans' Court, Tioga County	Tioga County Orphans' Court	f			paorphct
paorphctunion	ST	Pennsylvania Orphans' Court, Union County	Union County Orphans' Court	f			paorphct
paorphctvenang	ST	Pennsylvania Orphans' Court, Venango County	Venango County Orphans' Court	f			paorphct
paorphctwarren	ST	Pennsylvania Orphans' Court, Warren County	Warren County Orphans' Court	f			paorphct
paorphctwashin	ST	Pennsylvania Orphans' Court, Washington County	Washington County Orphans' Court	f			paorphct
paorphctwayne	ST	Pennsylvania Orphans' Court, Wayne County	Wayne County Orphans' Court	f			paorphct
paorphctwestmo	ST	Pennsylvania Orphans' Court, Westmoreland County	Westmoreland County Orphans' Court	f			paorphct
paorphctwyomin	ST	Pennsylvania Orphans' Court, Wyoming County	Wyoming County Orphans' Court	f			paorphct
paorphctyork	ST	York County Orphans' Court	York County Orphans' Court	f			paorphct
paoytermct	ST	Pennsylvania Court of Oyer and Terminer	Pennsylvania Court of Oyer and Terminer	f			
paoytermctadams	ST	Adams County Court of Oyer and Terminer	Adams County Court of Oyer and Terminer	f			paoytermct
paoytermctalleg	ST	Allegheny County Court of Oyer and Terminer	Allegheny County Court of Oyer and Terminer	f			paoytermct
paoytermctbeave	ST	Beaver County Court of Oyer and Terminer	Beaver County Court of Oyer and Terminer	f			paoytermct
paoytermctberks	ST	Berks County Court of Oyer and Terminer	Berks County Court of Oyer and Terminer	f			paoytermct
paoytermctbucks	ST	Bucks County Court of Oyer and Terminer	Bucks County Court of Oyer and Terminer	f			paoytermct
paoytermctcambr	ST	Cambria County Court of Oyer and Terminer	Cambria County Court of Oyer and Terminer	f			paoytermct
paoytermctcarbo	ST	Carbon County Court of Oyer and Terminer	Carbon County Court of Oyer and Terminer	f			paoytermct
paoytermctchest	ST	Chester County Court of Oyer and Terminer	Chester County Court of Oyer and Terminer	f			paoytermct
paoytermctclari	ST	Clarion County Court of Oyer and Terminer	Clarion County Court of Oyer and Terminer	f			paoytermct
paoytermctcolum	ST	Columbia County Court of Oyer and Terminer	Columbia County Court of Oyer and Terminer	f			paoytermct
paoytermctcumbe	ST	Cumberland County Court of Oyer and Terminer	Cumberland County Court of Oyer and Terminer	f			paoytermct
paoytermctdauph	ST	Dauphin County Court of Oyer and Terminer	Dauphin County Court of Oyer and Terminer	f			paoytermct
paoytermctdelaw	ST	Delaware County Court of Oyer and Terminer	Delaware County Court of Oyer and Terminer	f			paoytermct
paoytermcterie	ST	Erie County Court of Oyer and Terminer	Erie County Court of Oyer and Terminer	f			paoytermct
paoytermctfayet	ST	Fayette County Court of Oyer and Terminer	Fayette County Court of Oyer and Terminer	f			paoytermct
paoytermctfrank	ST	Franklin County Court of Oyer and Terminer	Franklin County Court of Oyer and Terminer	f			paoytermct
paoytermctfulto	ST	Fulton County Court of Oyer and Terminer	Fulton County Court of Oyer and Terminer	f			paoytermct
paoytermctgreen	ST	Greene County Court of Oyer and Terminer	Greene County Court of Oyer and Terminer	f			paoytermct
paoytermctjeffe	ST	Jefferson County Court of Oyer and Terminer	Jefferson County Court of Oyer and Terminer	f			paoytermct
paoytermctjunia	ST	Juniata County Court of Oyer and Terminer	Juniata County Court of Oyer and Terminer	f			paoytermct
paoytermctlacka	ST	Lackawanna County Court of Oyer and Terminer	Lackawanna County Court of Oyer and Terminer	f			paoytermct
paoytermctlanca	ST	Lancaster County Court of Oyer and Terminer	Lancaster County Court of Oyer and Terminer	f			paoytermct
paoytermctlawre	ST	Lawrence County Court of Oyer and Terminer	Lawrence County Court of Oyer and Terminer	f			paoytermct
paoytermctleban	ST	Lebanon County Court of Oyer and Terminer	Lebanon County Court of Oyer and Terminer	f			paoytermct
paoytermctlehig	ST	Lehigh County Court of Oyer and Terminer	Lehigh County Court of Oyer and Terminer	f			paoytermct
paoytermctluzer	ST	Luzerne County Court of Oyer and Terminer	Luzerne County Court of Oyer and Terminer	f			paoytermct
paoytermctmerce	ST	Mercer County Court of Oyer and Terminer	Mercer County Court of Oyer and Terminer	f			paoytermct
paoytermctmontg	ST	Montgomery County Court of Oyer and Terminer	Montgomery County Court of Oyer and Terminer	f			paoytermct
paoytermctnorth	ST	Northampton County Court of Oyer and Terminer	Northampton County Court of Oyer and Terminer	f			paoytermct
paoytermctperry	ST	Perry County Court of Oyer and Terminer	Perry County Court of Oyer and Terminer	f			paoytermct
paoytermctphila	ST	Philadelphia County Court of Oyer and Terminer	Philadelphia County Court of Oyer and Terminer	f			paoytermct
paoytermctschuy	ST	Schuylkill County Court of Oyer and Terminer	Schuylkill County Court of Oyer and Terminer	f			paoytermct
paoytermctsomer	ST	Somerset County Ct. Oyer & Terminer	Somerset County Ct. Oyer & Terminer	f			paoytermct
paoytermctvenan	ST	Venango County Court of Oyer and Terminer	Venango County Court of Oyer and Terminer	f			paoytermct
paoytermctwestm	ST	Westmoreland County Court of Oyer and Terminer	Westmoreland County Court of Oyer and Terminer	f			paoytermct
paoytermctyork	ST	York County Court of Oyer and Terminer	York County Court of Oyer and Terminer	f			paoytermct
paparolebd	SS	Pennsylvania Board of Parole	Pennsylvania Board of Parole	f			
paqtrsessadams	ST	Adams County Court of Quarter Sessions	Adams County Court of Quarter Sessions	f			pennctqtrsess
paqtrsessallegh	ST	Allegheny County Court of Quarter Sessions	Allegheny County Court of Quarter Sessions	f			pennctqtrsess
paqtrsessarmstr	ST	Armstrong County Court of Quarter Sessions	Armstrong County Court of Quarter Sessions	f			pennctqtrsess
paqtrsessbeaver	ST	Beaver County Court of Quarter Sessions	Beaver County Court of Quarter Sessions	f			pennctqtrsess
paqtrsessbedfor	ST	Bedford County Court of Quarter Sessions	Bedford County Court of Quarter Sessions	f			pennctqtrsess
paqtrsessberks	ST	Berks County Court of Quarter Sessions	Berks County Court of Quarter Sessions	f			pennctqtrsess
paqtrsessblair	ST	Blair County Court of Quarter Sessions	Blair County Court of Quarter Sessions	f			pennctqtrsess
paqtrsessbradfo	ST	Bradford County Court of Quarter Sessions	Bradford County Court of Quarter Sessions	f			pennctqtrsess
paqtrsessbucks	ST	Bucks County Court of Quarter Sessions	Bucks County Court of Quarter Sessions	f			pennctqtrsess
paqtrsessbutler	ST	Butler County Court of Quarter Sessions	Butler County Court of Quarter Sessions	f			pennctqtrsess
paqtrsesscambri	ST	Cambria County Court of Quarter Sessions	Cambria County Court of Quarter Sessions	f			pennctqtrsess
paqtrsesscamero	ST	Cameron County Court of Quarter Sessions	Cameron County Court of Quarter Sessions	f			pennctqtrsess
paqtrsesscarbon	ST	Carbon County Court of Quarter Sessions	Carbon County Court of Quarter Sessions	f			pennctqtrsess
paqtrsesscentre	ST	Centre County Court of Quarter Sessions	Centre County Court of Quarter Sessions	f			pennctqtrsess
paqtrsesscheste	ST	Chester County Court of Quarter Sessions	Chester County Court of Quarter Sessions	f			pennctqtrsess
paqtrsessclario	ST	Clarion County Court of Quarter Sessions	Clarion County Court of Quarter Sessions	f			pennctqtrsess
paqtrsessclearf	ST	Clearfield County Court of Quarter Sessions	Clearfield County Court of Quarter Sessions	f			pennctqtrsess
paqtrsessclinto	ST	Clinton County Court of Quarter Sessions	Clinton County Court of Quarter Sessions	f			pennctqtrsess
paqtrsesscolumb	ST	Columbia County Court of Quarter Sessions	Columbia County Court of Quarter Sessions	f			pennctqtrsess
paqtrsesscrawfo	ST	Crawford County Court of Quarter Sessions	Crawford County Court of Quarter Sessions	f			pennctqtrsess
paqtrsesscumber	ST	Cumberland County Court of Quarter Sessions	Cumberland County Court of Quarter Sessions	f			pennctqtrsess
paqtrsessdauphi	ST	Dauphin County Court of Quarter Sessions	Dauphin County Court of Quarter Sessions	f			pennctqtrsess
paqtrsessdelawa	ST	Delaware County Court of Quarter Sessions	Delaware County Court of Quarter Sessions	f			pennctqtrsess
paqtrsesselk	ST	Elk County Court of Quarter Sessions	Elk County Court of Quarter Sessions	f			pennctqtrsess
paqtrsesserie	ST	Erie County Court of Quarter Sessions	Erie County Court of Quarter Sessions	f			pennctqtrsess
paqtrsessfayett	ST	Fayette County Court of Quarter Sessions	Fayette County Court of Quarter Sessions	f			pennctqtrsess
paqtrsessfrankl	ST	Franklin County Court of Quarter Sessions	Franklin County Court of Quarter Sessions	f			pennctqtrsess
paqtrsessfulton	ST	Fulton County Court of Quarter Sessions	Fulton County Court of Quarter Sessions	f			pennctqtrsess
paqtrsessgreene	ST	Greene County Court of Quarter Sessions	Greene County Court of Quarter Sessions	f			pennctqtrsess
paqtrsesshuntin	ST	Huntingdon County Court of Quarter Sessions	Huntingdon County Court of Quarter Sessions	f			pennctqtrsess
paqtrsessindian	ST	Indiana County Court of Quarter Sessions	Indiana County Court of Quarter Sessions	f			pennctqtrsess
paqtrsessjeffer	ST	Jefferson County Court of Quarter Sessions	Jefferson County Court of Quarter Sessions	f			pennctqtrsess
paqtrsessjuniat	ST	Juniata County Court of Quarter Sessions	Juniata County Court of Quarter Sessions	f			pennctqtrsess
paqtrsesslackaw	ST	Lackawanna County Court of Quarter Sessions	Lackawanna County Court of Quarter Sessions	f			pennctqtrsess
paqtrsesslancas	ST	Lancaster County Court of Quarter Sessions	Lancaster County Court of Quarter Sessions	f			pennctqtrsess
paqtrsesslawren	ST	Lawrence County Court of Quarter Sessions	Lawrence County Court of Quarter Sessions	f			pennctqtrsess
paqtrsesslebano	ST	Lebanon County Court of Quarter Sessions	Lebanon County Court of Quarter Sessions	f			pennctqtrsess
paqtrsesslehigh	ST	Lehigh County Court of Quarter Sessions	Lehigh County Court of Quarter Sessions	f			pennctqtrsess
paqtrsessluzern	ST	Luzerne County Court of Quarter Sessions	Luzerne County Court of Quarter Sessions	f			pennctqtrsess
paqtrsesslycomi	ST	Lycoming County Court of Quarter Sessions	Lycoming County Court of Quarter Sessions	f			pennctqtrsess
paqtrsessmckean	ST	McKean County Court of Quarter Sessions	McKean County Court of Quarter Sessions	f			pennctqtrsess
paqtrsessmercer	ST	Mercer County Court of Quarter Sessions	Mercer County Court of Quarter Sessions	f			pennctqtrsess
paqtrsessmiffli	ST	Mifflin County Court of Quarter Sessions	Mifflin County Court of Quarter Sessions	f			pennctqtrsess
paqtrsessmonroe	ST	Monroe County Court of Quarter Sessions	Monroe County Court of Quarter Sessions	f			pennctqtrsess
paqtrsessmontgo	ST	Montgomery County Court of Quarter Sessions	Montgomery County Court of Quarter Sessions	f			pennctqtrsess
paqtrsessmontou	ST	Montour County Court of Quarter Sessions	Montour County Court of Quarter Sessions	f			pennctqtrsess
paqtrsessnortha	ST	Northampton County Court of Quarter Sessions	Northampton County Court of Quarter Sessions	f			pennctqtrsess
paqtrsessnorthu	ST	Northumberland County Court of Quarter Sessions	Northumberland County Court of Quarter Sessions	f			pennctqtrsess
paqtrsessperry	ST	Perry County Court of Quarter Sessions	Perry County Court of Quarter Sessions	f			pennctqtrsess
paqtrsessphilad	ST	Philadelphia County Court of Quarter Sessions	Philadelphia County Court of Quarter Sessions	f			pennctqtrsess
paqtrsesspike	ST	Pike County Court of Quarter Sessions	Pike County Court of Quarter Sessions	f			pennctqtrsess
paqtrsesspotter	ST	Potter County Court of Quarter Sessions	Potter County Court of Quarter Sessions	f			pennctqtrsess
paqtrsessschuyl	ST	Schuylkill County Court of Quarter Sessions	Schuylkill County Court of Quarter Sessions	f			pennctqtrsess
paqtrsesssnyder	ST	Snyder County Court of Quarter Sessions	Snyder County Court of Quarter Sessions	f			pennctqtrsess
paqtrsesssomers	ST	Somerset County Court of Quarter Sessions	Somerset County Court of Quarter Sessions	f			pennctqtrsess
paqtrsesssulliv	ST	Sullivan County Court of Quarter Sessions	Sullivan County Court of Quarter Sessions	f			pennctqtrsess
paqtrsesssusque	ST	Susquehanna County Court of Quarter Sessions	Susquehanna County Court of Quarter Sessions	f			pennctqtrsess
paqtrsesstioga	ST	Tioga County Court of Quarter Sessions	Tioga County Court of Quarter Sessions	f			pennctqtrsess
paqtrsessunion	ST	Union County Court of Quarter Sessions	Union County Court of Quarter Sessions	f			pennctqtrsess
paqtrsessvenang	ST	Venango County Court of Quarter Sessions	Venango County Court of Quarter Sessions	f			pennctqtrsess
paqtrsesswarren	ST	Warren County Court of Quarter Sessions	Warren County Court of Quarter Sessions	f			pennctqtrsess
paqtrsesswashin	ST	Washington County Court of Quarter Sessions	Washington County Court of Quarter Sessions	f			pennctqtrsess
paqtrsesswayne	ST	Wayne County Court of Quarter Sessions	Wayne County Court of Quarter Sessions	f			pennctqtrsess
paqtrsesswestmo	ST	Westmoreland County Court of Quarter Sessions	Westmoreland County Court of Quarter Sessions	f			pennctqtrsess
paqtrsesswyomin	ST	Wyoming County Court of Quarter Sessions	Wyoming County Court of Quarter Sessions	f			pennctqtrsess
paqtrsessyork	ST	York County Court of Quarter Sessions	York County Court of Quarter Sessions	f			pennctqtrsess
pasuperct	SA	Superior Court of Pennsylvania	Superior Court of Pennsylvania	t	1895-01-01		
pawb	FB	United States Bankruptcy Court, W.D. Pennsylvania	W.D. Pennsylvania	t			
pawd	FD	District Court, W.D. Pennsylvania	W.D. Pennsylvania	t			usdistct
pennctqtrsess	SS	Pennsylvania Court of Quarter Sessions	Pennsylvania Court of Quarter Sessions	f			
pennsylvaniad	FD	District Court, D. Pennsylvania	D. Pennsylvania	t	1789-09-24	1818-04-20	usdistct
philactnp	ST	Philadelphia Court of Nisi Prius	Philadelphia Court of Nisi Prius	f			
philadeptjust	FS	Philadelphia Department of Justice	Philadelphia Department of Justice	f			ag
philaelecct	SS	Philadelphia Election Court	Philadelphia Election Court	f			
philamayorct	ST	Philadelphia Mayor's Court	Philadelphia Mayor's Court	f			
philarec	SS	Recorder of Philadelphia	Recorder of Philadelphia	f			
placerdistct	ST	Placer District Court, California	Placer District Court	f	1849-01-01	1879-12-31	caldistct
prapp	TA	Tribunal De Apelaciones De Puerto Rico/Court of Appeals of Puerto Rico	Tribunal De Apelaciones De Puerto Rico/Court of Appeals of Puerto Rico	t			
prb	FB	United States Bankruptcy Court, D. Puerto Rico	D. Puerto Rico	t			
prd	FD	District Court, D. Puerto Rico	D. Puerto Rico	t			usdistct
privycoun	ST	Committee of the Privy Council	Committee of the Privy Council	f			
prsupreme	TS	Supreme Court of Puerto Rico	Supreme Court of Puerto Rico	t			
psc	T	U.S. DISTRICT COURT for the PACER Training Site	PACER Training Site	f			
ptab	FS	Patent Trial and Appeal Board	Patent Trial and Appeal Board	f	2012-09-16		
reglrailreorgct	FS	Special Court under the Regional Rail Reorganization Act	Special Court under the Regional Rail Reorganization Act	t	1973-01-01	1996-03-01	
ri	S	Supreme Court of Rhode Island	Supreme Court of Rhode Island	t	1747-01-01		
rib	FB	United States Bankruptcy Court, D. Rhode Island	D. Rhode Island	t			
rid	FD	District Court, D. Rhode Island	D. Rhode Island	t			usdistct
risuperct	SA	Superior Court of Rhode Island	Superior Court of Rhode Island	t			
riviceadmct	SS	Rhode Island Vice Admiralty Court	Rhode Island Vice Admiralty Court	f			
sacdistct	ST	Sacramento District Court	Sacramento District Court	f	1849-01-01	1879-12-31	caldistct
sacfoxdistct	TRT	Sac and Fox Nation District Court	Sac and Fox Nation District Court	t			
sacfoxsupct	TRS	Sac and Fox Nation Supreme Court	Sac and Fox Nation Supreme Court	t			
salishctapp	TRA	Confederated Salish & Kootenai Court of Appeals	Confederated Salish & Kootenai Court of Appeals	t			
santacruzdistct	ST	Santa Cruz District Court	Santa Cruz District Court	f	1849-01-01	1879-12-31	caldistct
sc	S	Supreme Court of South Carolina	Supreme Court of South Carolina	t	1841-01-01		
scb	FB	United States Bankruptcy Court, D. South Carolina	D. South Carolina	t			
scctapp	SA	Court of Appeals of South Carolina	Court of Appeals of South Carolina	t	1983-01-01		
scd	FD	District Court, D. South Carolina	D. South Carolina	t			usdistct
scotus	F	Supreme Court of the United States	Supreme Court	t	1789-09-24		
sd	S	South Dakota Supreme Court	South Dakota Supreme Court	t	1889-01-01		
sdb	FB	United States Bankruptcy Court, D. South Dakota	D. South Dakota	t			
sdd	FD	District Court, D. South Dakota	D. South Dakota	t			usdistct
sfdistct	ST	San Fransisco District Court	San Fran. Dist Ct	f	1849-01-01	1879-12-31	caldistct
shastadistct	ST	Shasta District Court	Shasta District Court	f	1849-01-01	1879-12-31	caldistct
shoaraphotr	TRT	Shoshone and Arapaho Tribal Court	Shoshone and Arapaho Tribal Court	t			
siskiyoudistct	ST	Siskiyou District Court	Siskiyou District Court	f	1849-01-01	1879-12-31	caldistct
slcregrec	SS	Salt Lake City Register and Receiver	Salt Lake City Register and Receiver	f			
southcarolinaed	FD	District Court, E.D. South Carolina	E.D. South Carolina	t	1823-02-21	1965-10-07	usdistct
southcarolinawd	FD	District Court, W.D. South Carolina	W.D. South Carolina	t	1823-02-21	1965-10-07	usdistct
stp	SS	United States Special Tribunals of Pennsylvania	Special Tribunals of Pennsylvania	f			
sttex	SS	United States Special Tribunal of Texas	Special Tribunals of Texas	f			
supbenbaltcty	ST	Supreme Bench of Baltimore City	Supreme Bench of Baltimore City	f			
superctguam	TA	Superior Court of Guam	Superior Court of Guam	f			
superctny	ST	The Superior Court of the City of New York and Buffalo	Superior Court of New York	f	1828-01-01	1894-12-31	
superctsc	ST	Superior Court of South Carolina	Superior Court of South Carolina	f			
superctsdfla	FD	Superior Court, S. D. Florida	Superior Court, S. D. Florida	f	1828-01-01	1845-12-31	usdistct
swinomishappct	TRA	Swinomish Tribal Court of Appeals	Swinomish Tribal Court of Appeals	t			
swinomishtr	TRT	Swinomish Tribal Court	Swinomish Tribal Court	t			
tax	FS	United States Tax Court	U.S. Tax Court	t			
tecoa	FS	Temporary Emergency Court of Appeals	Temporary Emergency Court of Appeals	t	1971-12-01	1992-10-29	
tenn	S	Tennessee Supreme Court	Tennessee Supreme Court	t	1790-01-01		
tenncrimapp	SA	Court of Criminal Appeals of Tennessee	Court of Criminal Appeals of Tennessee	t	1925-01-01		
tennctapp	SA	Court of Appeals of Tennessee	Court of Appeals of Tennessee	t	1925-01-01		
tennessed	FD	District Court, D. Tennessee	D. Tennessee	t	1797-01-31	1839-06-18	usdistct
tennesseeb	FB	United States Bankruptcy Court, D. Tennessee	D. Tennessee	t	1797-01-01	1801-01-01	
tennsuperct	SA	Tennessee Superior Court for Law and Equity	Tennessee Superior Court for Law and Equity	t	1796-01-01	1809-12-31	
tennworkcompapp	SS	Tennessee Workers' Compensation Appeals Board	Tennessee Workers' Comp. Appeals Board	t	2013-01-01		
tennworkcompcl	SS	Tennessee Court of Workers' Compensation Claims	Tennessee Court of Workers' Comp. Claims	t	2013-01-01		
test	T	Testing Supreme Court	Testing Supreme Court	f			
tex	S	Texas Supreme Court	Texas Supreme Court	t	1840-01-01		
texag	SAG	Texas Attorney General Reports	Texas Attorney General Reports	t			
texapp	SA	Court of Appeals of Texas	Court of Appeals of Texas	t	1891-01-01		
texbizct	ST	Texas Business Court	Texas Business Court	t	2023-06-09		
texcommnapp	SS	Texas Commission of Appeals	Texas Commission of Appeals	f	1918-01-01	1945-12-31	
texcrimapp	S	Court of Criminal Appeals of Texas	Court of Criminal Appeals of Texas	t			
texcrimdistct1	ST	Texas Criminal District Court, No. 1, Dallas City	Tex. Crim. Dist. Ct., No. 1, Dallas Cty.	f			
texcrimdistct2	ST	Texas Criminal District Court, No. 2, Dallas City	Tex. Crim. Dist. Ct., No. 2, Dallas Cty.	f			
texcrimdistct3	ST	Texas Criminal District Court, No. 3, Dallas City	Tex. Crim. Dist. Ct., No. 3, Dallas Cty.	f			
texcrimdistct4	ST	Texas Criminal District Court, No. 4, Dallas City	Tex. Crim. Dist. Ct., No. 4, Dallas Cty.	f			
texcrimdistct5	ST	Texas Criminal District Court, No. 5, Dallas City	Tex. Crim. Dist. Ct., No. 5, Dallas Cty.	f			
texcrimdistct6	ST	Texas Criminal District Court, No. 6, Dallas City	Tex. Crim. Dist. Ct., No. 6, Dallas Cty.	f			
texcrimdistct7	ST	Texas Criminal District Court, No. 7, Dallas City	Tex. Crim. Dist. Ct., No. 7, Dallas Cty.	f			
texcrimdistct8	ST	Texas Criminal District Court, Jefferson City	Tex. Crim. Dist. Ct., Jefferson Cty.	f			
texctyct	ST	Texas City Court	Tex. Cty. Ct.	f			
texctyct1	ST	Texas City Court, Angelina City	Tex. Cty. Ct., Angelina Cty.	f			texctyct
texctyct10	ST	Texas City Court, Bexar City Court at Law No. 2	Tex. Cty. Ct., Bexar Cty. Ct. at Law No. 2	f			texctyct
texctyct100	ST	Texas City Court, Lamar City	Tex. Cty. Ct., Lamar Cty.	f			texctyct
texctyct101	ST	Texas City Court, Leon City	Tex. Cty. Ct., Leon Cty.	f			texctyct
texctyct102	ST	Texas City Court, Liberty City Court at Law	Tex. Cty. Ct., Liberty Cty. Ct. at Law	f			texctyct
texctyct103	ST	Texas City Court, Lubbock City Court at Law No. 1	Tex. Cty. Ct., Lubbock Cty. Ct. at Law No. 1	f			texctyct
texctyct104	ST	Texas City Court, McCulloch City	Tex. Cty. Ct., McCulloch Cty.	f			texctyct
texctyct105	ST	Texas City Court, McLennan City	Tex. Cty. Ct., McLennan Cty.	f			texctyct
texctyct106	ST	Texas City Court, McLennan City Court at Law No. 2	Tex. Cty. Ct., McLennan Cty. Ct. at Law No. 2	f			texctyct
texctyct107	ST	Texas City Court, Midland City	Tex. Cty. Ct., Midland Cty.	f			texctyct
texctyct108	ST	Texas City Court, Montgomery City	Tex. Cty. Ct., Montgomery Cty.	f			texctyct
texctyct109	ST	Texas City Court, Montgomery City Court at Law No. 1	Tex. Cty. Ct., Montgomery Cty. Ct. at Law No. 1	f			texctyct
texctyct11	ST	Texas City Court, Bexar City Court at Law No. 3	Tex. Cty. Ct., Bexar Cty. Ct. at Law No. 3	f			texctyct
texctyct110	ST	Texas City Court, Montgomery City Court at Law No. 2	Tex. Cty. Ct., Montgomery Cty. Ct. at Law No. 2	f			texctyct
texctyct111	ST	Texas City Court, Montgomery City Court at Law No. 3	Tex. Cty. Ct., Montgomery Cty. Ct. at Law No. 3	f			texctyct
texctyct112	ST	Texas City Court, Montgomery City Court at Law No. 4	Tex. Cty. Ct., Montgomery Cty. Ct. at Law No. 4	f			texctyct
texctyct113	ST	Texas City Court, Montgomery City Court at Law No. 5	Tex. Cty. Ct., Montgomery Cty. Ct. at Law No. 5	f			texctyct
texctyct114	ST	Texas City Court, Nacogdoches City	Tex. Cty. Ct., Nacogdoches Cty.	f			texctyct
texctyct115	ST	Texas City Court, Nueces City Court at Law No. 1	Tex. Cty. Ct., Nueces Cty. Ct. at Law No. 1	f			texctyct
texctyct116	ST	Texas City Court, Nueces City Court at Law No. 2	Tex. Cty. Ct., Nueces Cty. Ct. at Law No. 2	f			texctyct
texctyct117	ST	Texas City Court, Nueces City Court at Law No. 3	Tex. Cty. Ct., Nueces Cty. Ct. at Law No. 3	f			texctyct
texctyct118	ST	Texas City Court, Nueces City Court at Law No. 4	Tex. Cty. Ct., Nueces Cty. Ct. at Law No. 4	f			texctyct
texctyct119	ST	Texas City Court, Nueces City Court at Law No. 5	Tex. Cty. Ct., Nueces Cty. Ct. at Law No. 5	f			texctyct
texctyct12	ST	Texas City Court, Bexar City Court at Law No. 5	Tex. Cty. Ct., Bexar Cty. Ct. at Law No. 5	f			texctyct
texctyct120	ST	Texas City Court, Ochiltree City	Tex. Cty. Ct., Ochiltree Cty.	f			texctyct
texctyct121	ST	Texas City Court, Orange City	Tex. Cty. Ct., Orange Cty.	f			texctyct
texctyct122	ST	Texas City Court, Orange City Court at Law No. 2	Tex. Cty. Ct., Orange Cty. Ct. at Law No. 2	f			texctyct
texctyct123	ST	Texas City Court, Panola City	Tex. Cty. Ct., Panola Cty.	f			texctyct
texctyct124	ST	Texas City Court, Parker City Court at Law No. 1	Tex. Cty. Ct., Parker Cty. Ct. at Law No. 1	f			texctyct
texctyct125	ST	Texas City Court, Polk City	Tex. Cty. Ct., Polk Cty.	f			texctyct
texctyct126	ST	Texas City Court, Polk City Court at Law	Tex. Cty. Ct., Polk Cty. Ct. at Law	f			texctyct
texctyct127	ST	Texas City Court, Potter City	Tex. Cty. Ct., Potter Cty.	f			texctyct
texctyct128	ST	Texas City Court, Potter City Court at Law No. 1	Tex. Cty. Ct., Potter Cty. Ct. at Law No. 1	f			texctyct
texctyct129	ST	Texas City Court, Red River City	Tex. Cty. Ct., Red River Cty.	f			texctyct
texctyct13	ST	Texas City Court, Bowie City Court at Law	Tex. Cty. Ct., Bowie Cty. Ct. at Law	f			texctyct
texctyct130	ST	Texas City Court, San Jacinto City	Tex. Cty. Ct., San Jacinto Cty.	f			texctyct
texctyct131	ST	Texas City Court, San Patricio City	Tex. Cty. Ct., San Patricio Cty.	f			texctyct
texctyct132	ST	Texas City Court, San Patricio City Court at Law	Tex. Cty. Ct., San Patricio Cty. Ct. at Law	f			texctyct
texctyct133	ST	Texas City Court, Smith City Court at Law No. 2	Tex. Cty. Ct., Smith Cty. Ct. at Law No. 2	f			texctyct
texctyct134	ST	Texas City Court, Tarrant City	Tex. Cty. Ct., Tarrant Cty.	f			texctyct
texctyct135	ST	Texas City Court, Tarrant City Court at Law No. 1	Tex. Cty. Ct., Tarrant Cty. Ct. at Law No. 1	f			texctyct
texctyct136	ST	Texas City Court, Tarrant City Court at Law No. 2	Tex. Cty. Ct., Tarrant Cty. Ct. at Law No. 2	f			texctyct
texctyct137	ST	Texas City Court, Tarrant City Court at Law No. 3	Tex. Cty. Ct., Tarrant Cty. Ct. at Law No. 3	f			texctyct
texctyct138	ST	Texas City Court, Taylor City Court at Law No. 2	Tex. Cty. Ct., Taylor Cty. Ct. at Law No. 2	f			texctyct
texctyct139	ST	Texas City Court, Travis City	Tex. Cty. Ct., Travis Cty.	f			texctyct
texctyct14	ST	Texas City Court, Brazoria City Court at Law No. 2	Tex. Cty. Ct., Brazoria Cty. Ct. at Law No. 2	f			texctyct
texctyct140	ST	Texas City Court, Travis City Court at Law No. 1	Tex. Cty. Ct., Travis Cty. Ct. at Law No. 1	f			texctyct
texctyct141	ST	Texas City Court, Travis City Court at Law No. 2	Tex. Cty. Ct., Travis Cty. Ct. at Law No. 2	f			texctyct
texctyct142	ST	Texas City Court, Travis City Court at Law No. 3	Tex. Cty. Ct., Travis Cty. Ct. at Law No. 3	f			texctyct
texctyct143	ST	Texas City Court, Trinity City	Tex. Cty. Ct., Trinity Cty.	f			texctyct
texctyct144	ST	Texas City Court, Val Verde City Court at Law	Tex. Cty. Ct., Val Verde Cty. Ct. at Law	f			texctyct
texctyct145	ST	Texas City Court, Walker City Court at Law	Tex. Cty. Ct., Walker Cty. Ct. at Law	f			texctyct
texctyct146	ST	Texas City Court, Waller City	Tex. Cty. Ct., Waller Cty.	f			texctyct
texctyct147	ST	Texas City Court, Waller City Court at Law	Tex. Cty. Ct., Waller Cty. Ct. at Law	f			texctyct
texctyct148	ST	Texas City Court, Wash. City Court at Law	Tex. Cty. Ct., Wash. Cty. Ct. at Law	f			texctyct
texctyct149	ST	Texas City Court, Webb City Court at Law No. 1	Tex. Cty. Ct., Webb Cty. Ct. at Law No. 1	f			texctyct
texctyct15	ST	Texas City Court, Brazoria City Court at Law No. 3	Tex. Cty. Ct., Brazoria Cty. Ct. at Law No. 3	f			texctyct
texctyct150	ST	Texas City Court, Webb City Court at Law No. 2	Tex. Cty. Ct., Webb Cty. Ct. at Law No. 2	f			texctyct
texctyct151	ST	Texas City Court, Wichita City Court at Law No. 2	Tex. Cty. Ct., Wichita Cty. Ct. at Law No. 2	f			texctyct
texctyct152	ST	Texas City Court, Willacy City	Tex. Cty. Ct., Willacy Cty.	f			texctyct
texctyct153	ST	Texas City Court, Williamson City Court at Law No. 1	Tex. Cty. Ct., Williamson Cty. Ct. at Law No. 1	f			texctyct
texctyct154	ST	Texas City Court, Williamson City Court at Law No. 2	Tex. Cty. Ct., Williamson Cty. Ct. at Law No. 2	f			texctyct
texctyct155	ST	Texas City Court, Williamson City Court at Law No. 3	Tex. Cty. Ct., Williamson Cty. Ct. at Law No. 3	f			texctyct
texctyct156	ST	Texas City Court, Williamson City Court at Law No. 4	Tex. Cty. Ct., Williamson Cty. Ct. at Law No. 4	f			texctyct
texctyct157	ST	Texas City Court, Young City	Tex. Cty. Ct., Young Cty.	f			texctyct
texctyct16	ST	Texas City Court, Brazoria City Court at Law No. 4	Tex. Cty. Ct., Brazoria Cty. Ct. at Law No. 4	f			texctyct
texctyct17	ST	Texas City Court, Brazos City Court at Law No. 1	Tex. Cty. Ct., Brazos Cty. Ct. at Law No. 1	f			texctyct
texctyct18	ST	Texas City Court, Brazos City Court at Law No. 2	Tex. Cty. Ct., Brazos Cty. Ct. at Law No. 2	f			texctyct
texctyct19	ST	Texas City Court, Burnet City	Tex. Cty. Ct., Burnet Cty.	f			texctyct
texctyct2	ST	Texas City Court, Angelina City Court at Law No. 1	Tex. Cty. Ct., Angelina Cty. Ct. at Law No. 1	f			texctyct
texctyct20	ST	Texas City Court, Burnet City Court at Law	Tex. Cty. Ct., Burnet Cty. Ct. at Law	f			texctyct
texctyct21	ST	Texas City Court, Caldwell City	Tex. Cty. Ct., Caldwell Cty.	f			texctyct
texctyct22	ST	Texas City Court, Caldwell City Court at Law	Tex. Cty. Ct., Caldwell Cty. Ct. at Law	f			texctyct
texctyct23	ST	Texas City Court, Calhoun City Court at Law No. 1	Tex. Cty. Ct., Calhoun Cty. Ct. at Law No. 1	f			texctyct
texctyct24	ST	Texas City Court, Cameron City Court at Law No. 1	Tex. Cty. Ct., Cameron Cty. Ct. at Law No. 1	f			texctyct
texctyct25	ST	Texas City Court, Cameron City Court at Law No. 2	Tex. Cty. Ct., Cameron Cty. Ct. at Law No. 2	f			texctyct
texctyct26	ST	Texas City Court, Cameron City Court at Law No. 3	Tex. Cty. Ct., Cameron Cty. Ct. at Law No. 3	f			texctyct
texctyct27	ST	Texas City Court, Chambers City	Tex. Cty. Ct., Chambers Cty.	f			texctyct
texctyct28	ST	Texas City Court, Cherokee City Court at Law	Tex. Cty. Ct., Cherokee Cty. Ct. at Law	f			texctyct
texctyct29	ST	Texas City Court, Collin City Court at Law No. 4	Tex. Cty. Ct., Collin Cty. Ct. at Law No. 4	f			texctyct
texctyct3	ST	Texas City Court, Austin City	Tex. Cty. Ct., Austin Cty.	f			texctyct
texctyct30	ST	Texas City Court, Collin City Court at Law No. 5	Tex. Cty. Ct., Collin Cty. Ct. at Law No. 5	f			texctyct
texctyct31	ST	Texas City Court, Collin City Court at Law No. 6	Tex. Cty. Ct., Collin Cty. Ct. at Law No. 6	f			texctyct
texctyct32	ST	Texas City Court, Comal City Court at Law No. 1	Tex. Cty. Ct., Comal Cty. Ct. at Law No. 1	f			texctyct
texctyct33	ST	Texas City Court, Coryell City Court at Law	Tex. Cty. Ct., Coryell Cty. Ct. at Law	f			texctyct
texctyct34	ST	Texas City Court, Dallas City	Tex. Cty. Ct., Dallas Cty.	f			texctyct
texctyct35	ST	Texas City Court, Dallas City Court at Law No. 1	Tex. Cty. Ct., Dallas Cty. Ct. at Law No. 1	f			texctyct
texctyct36	ST	Texas City Court, Dallas City Court at Law No. 2	Tex. Cty. Ct., Dallas Cty. Ct. at Law No. 2	f			texctyct
texctyct37	ST	Texas City Court, Dallas City Court at Law No. 3	Tex. Cty. Ct., Dallas Cty. Ct. at Law No. 3	f			texctyct
texctyct38	ST	Texas City Court, Dallas City Court at Law No. 4	Tex. Cty. Ct., Dallas Cty. Ct. at Law No. 4	f			texctyct
texctyct39	ST	Texas City Court, Dallas City Court at Law No. 5	Tex. Cty. Ct., Dallas Cty. Ct. at Law No. 5	f			texctyct
texctyct4	ST	Texas City Court, Austin City Court at Law	Tex. Cty. Ct., Austin Cty. Ct. at Law	f			texctyct
texctyct40	ST	Texas City Court, Dallas City Criminal Court No. 1	Tex. Cty. Ct., Dallas Cty. Crim. Ct. No. 1	f			texctyct
texctyct41	ST	Texas City Court, Dallas City Criminal Court No. 3	Tex. Cty. Ct., Dallas Cty. Crim. Ct. No. 3	f			texctyct
texctyct42	ST	Texas City Court, Dallas City Criminal Court No. 5	Tex. Cty. Ct., Dallas Cty. Crim. Ct. No. 5	f			texctyct
texctyct43	ST	Texas City Court, Dallas City Criminal Court No. 6	Tex. Cty. Ct., Dallas Cty. Crim. Ct. No. 6	f			texctyct
texctyct44	ST	Texas City Court, Dallas City Criminal Court No. 7	Tex. Cty. Ct., Dallas Cty. Crim. Ct. No. 7	f			texctyct
texctyct45	ST	Texas City Court, Dallas City Criminal Court No. 10	Tex. Cty. Ct., Dallas Cty. Crim. Ct. No. 10	f			texctyct
texctyct46	ST	Texas City Court, Denton City Court at Law No. 2	Tex. Cty. Ct., Denton Cty. Ct. at Law No. 2	f			texctyct
texctyct47	ST	Texas City Court, Denton City Criminal Court No. 1	Tex. Cty. Ct., Denton Cty. Crim. Ct. No. 1	f			texctyct
texctyct48	ST	Texas City Court, Denton City Criminal Court No. 3	Tex. Cty. Ct., Denton Cty. Crim. Ct. No. 3	f			texctyct
texctyct49	ST	Texas City Court, Ector City Court at Law No. 2	Tex. Cty. Ct., Ector Cty. Ct. at Law No. 2	f			texctyct
texctyct5	ST	Texas City Court, Bastrop City	Tex. Cty. Ct., Bastrop Cty.	f			texctyct
texctyct50	ST	Texas City Court, El Paso City Court at Law No. 1	Tex. Cty. Ct., El Paso Cty. Ct. at Law No. 1	f			texctyct
texctyct51	ST	Texas City Court, El Paso City Court at Law No. 2	Tex. Cty. Ct., El Paso Cty. Ct. at Law No. 2	f			texctyct
texctyct52	ST	Texas City Court, El Paso City Court at Law No. 3	Tex. Cty. Ct., El Paso Cty. Ct. at Law No. 3	f			texctyct
texctyct53	ST	Texas City Court, El Paso City Court at Law No. 5	Tex. Cty. Ct., El Paso Cty. Ct. at Law No. 5	f			texctyct
texctyct54	ST	Texas City Court, El Paso City Court at Law No. 6	Tex. Cty. Ct., El Paso Cty. Ct. at Law No. 6	f			texctyct
texctyct55	ST	Texas City Court, El Paso City Court at Law No. 7	Tex. Cty. Ct., El Paso Cty. Ct. at Law No. 7	f			texctyct
texctyct56	ST	Texas City Court, Fort Bend City	Tex. Cty. Ct., Fort Bend Cty.	f			texctyct
texctyct57	ST	Texas City Court, Fort Bend City Court at Law No. 1	Tex. Cty. Ct., Fort Bend Cty. Ct. at Law No. 1	f			texctyct
texctyct58	ST	Texas City Court, Fort Bend City Court at Law No. 2	Tex. Cty. Ct., Fort Bend Cty. Ct. at Law No. 2	f			texctyct
texctyct59	ST	Texas City Court, Fort Bend City Court at Law No. 3	Tex. Cty. Ct., Fort Bend Cty. Ct. at Law No. 3	f			texctyct
texctyct6	ST	Texas City Court, Bell City Court at Law No. 1	Tex. Cty. Ct., Bell Cty. Ct. at Law No. 1	f			texctyct
texctyct60	ST	Texas City Court, Fort Bend City Court at Law No. 4	Tex. Cty. Ct., Fort Bend Cty. Ct. at Law No. 4	f			texctyct
texctyct61	ST	Texas City Court, Franklin City	Tex. Cty. Ct., Franklin Cty.	f			texctyct
texctyct62	ST	Texas City Court, Galveston City	Tex. Cty. Ct., Galveston Cty.	f			texctyct
texctyct63	ST	Texas City Court, Galveston City Court at Law No. 1	Tex. Cty. Ct., Galveston Cty. Ct. at Law No. 1	f			texctyct
texctyct64	ST	Texas City Court, Galveston City Court at Law No. 2	Tex. Cty. Ct., Galveston Cty. Ct. at Law No. 2	f			texctyct
texctyct65	ST	Texas City Court, Galveston City Court at Law No. 3	Tex. Cty. Ct., Galveston Cty. Ct. at Law No. 3	f			texctyct
texctyct66	ST	Texas City Court, Grayson City Court at Law No. 2	Tex. Cty. Ct., Grayson Cty. Ct. at Law No. 2	f			texctyct
texctyct67	ST	Texas City Court, Gregg City Court at Law No. 2	Tex. Cty. Ct., Gregg Cty. Ct. at Law No. 2	f			texctyct
texctyct68	ST	Texas City Court, Guadalupe City	Tex. Cty. Ct., Guadalupe Cty.	f			texctyct
texctyct69	ST	Texas City Court, Harris City	Tex. Cty. Ct., Harris Cty.	f			texctyct
texctyct7	ST	Texas City Court, Bell City Court at Law No. 3	Tex. Cty. Ct., Bell Cty. Ct. at Law No. 3	f			texctyct
texctyct70	ST	Texas City Court, Harris City Criminal Court at Law No.	Tex. Cty. Ct., Harris Cty. Crim. Ct. at Law No. 3	f			texctyct
texctyct71	ST	Texas City Court, Harris City Criminal Court at Law No.	Tex. Cty. Ct., Harris Cty. Crim. Ct. at Law No. 4	f			texctyct
texctyct72	ST	Texas City Court, Harris City Criminal Court at Law No.	Tex. Cty. Ct., Harris Cty. Crim. Ct. at Law No. 11	f			texctyct
texctyct73	ST	Texas City Court, Harris City Civ. Court at Law No. 1	Tex. Cty. Ct., Harris Cty. Civ. Ct. at Law No. 1	f			texctyct
texctyct74	ST	Texas City Court, Harris City Civ. Court at Law No. 2	Tex. Cty. Ct., Harris Cty. Civ. Ct. at Law No. 2	f			texctyct
texctyct75	ST	Texas City Court, Harris City Civ. Court at Law No. 3	Tex. Cty. Ct., Harris Cty. Civ. Ct. at Law No. 3	f			texctyct
texctyct76	ST	Texas City Court, Harris City Civ. Court at Law No. 4	Tex. Cty. Ct., Harris Cty. Civ. Ct. at Law No. 4	f			texctyct
texctyct77	ST	Texas City Court, Hays City	Tex. Cty. Ct., Hays Cty.	f			texctyct
texctyct78	ST	Texas City Court, Henderson City	Tex. Cty. Ct., Henderson Cty.	f			texctyct
texctyct79	ST	Texas City Court, Hidalgo City Court at Law No. 1	Tex. Cty. Ct., Hidalgo Cty. Ct. at Law No. 1	f			texctyct
texctyct8	ST	Texas City Court, Bexar City	Tex. Cty. Ct., Bexar Cty.	f			texctyct
texctyct80	ST	Texas City Court, Hidalgo City Court at Law No. 4	Tex. Cty. Ct., Hidalgo Cty. Ct. at Law No. 4	f			texctyct
texctyct81	ST	Texas City Court, Hidalgo City Court at Law No. 5	Tex. Cty. Ct., Hidalgo Cty. Ct. at Law No. 5	f			texctyct
texctyct82	ST	Texas City Court, Hidalgo City Court at Law No. 6	Tex. Cty. Ct., Hidalgo Cty. Ct. at Law No. 6	f			texctyct
texctyct83	ST	Texas City Court, Hidalgo City Court at Law No. 7	Tex. Cty. Ct., Hidalgo Cty. Ct. at Law No. 7	f			texctyct
texctyct84	ST	Texas City Court, Hidalgo City Court at Law No. 8	Tex. Cty. Ct., Hidalgo Cty. Ct. at Law No. 8	f			texctyct
texctyct85	ST	Texas City Court, Hill City	Tex. Cty. Ct., Hill Cty.	f			texctyct
texctyct86	ST	Texas City Court, Hood City	Tex. Cty. Ct., Hood Cty.	f			texctyct
texctyct87	ST	Texas City Court, Hopkins City	Tex. Cty. Ct., Hopkins Cty.	f			texctyct
texctyct88	ST	Texas City Court, Houston City	Tex. Cty. Ct., Houston Cty.	f			texctyct
texctyct89	ST	Texas City Court, Howard City	Tex. Cty. Ct., Howard Cty.	f			texctyct
texctyct9	ST	Texas City Court, Bexar City Court at Law No. 1	Tex. Cty. Ct., Bexar Cty. Ct. at Law No. 1	f			texctyct
texctyct90	ST	Texas City Court, Jasper City	Tex. Cty. Ct., Jasper Cty.	f			texctyct
texctyct91	ST	Texas City Court, Jefferson City	Tex. Cty. Ct., Jefferson Cty.	f			texctyct
texctyct92	ST	Texas City Court, Jefferson City Court at Law No. 1	Tex. Cty. Ct., Jefferson Cty. Ct. at Law No. 1	f			texctyct
texctyct93	ST	Texas City Court, Jefferson City Court at Law No. 2	Tex. Cty. Ct., Jefferson Cty. Ct. at Law No. 2	f			texctyct
texctyct94	ST	Texas City Court, Karnes City	Tex. Cty. Ct., Karnes Cty.	f			texctyct
texctyct95	ST	Texas City Court, Kaufman City Court at Law No. 2	Tex. Cty. Ct., Kaufman Cty. Ct. at Law No. 2	f			texctyct
texctyct96	ST	Texas City Court, Kendall City	Tex. Cty. Ct., Kendall Cty.	f			texctyct
texctyct97	ST	Texas City Court, Kerr City	Tex. Cty. Ct., Kerr Cty.	f			texctyct
texctyct98	ST	Texas City Court, Kerr City Court at Law	Tex. Cty. Ct., Kerr Cty. Ct. at Law	f			texctyct
texctyct99	ST	Texas City Court, Kleberg City	Tex. Cty. Ct., Kleberg Cty.	f			texctyct
texd	FD	District Court, D. Texas	D. Texas	f	1845-12-29	1857-02-21	usdistct
texdistct	ST	Texas District Court	Tex. Dist. Ct.	f			
texdistct1	ST	Texas 1st Judicial District Court	Tex. 1st Jud. Dist. Ct.	f			texdistct
texdistct10	ST	Texas 9th Judicial District Court	Tex. 9th Jud. Dist. Ct.	f			texdistct
texdistct100	ST	Texas 99th Judicial District Court	Tex. 99th Jud. Dist. Ct.	f			texdistct
texdistct101	ST	Texas 100th Judicial District Court	Tex. 100th Jud. Dist. Ct.	f			texdistct
texdistct102	ST	Texas 101st Judicial District Court	Tex. 101st Jud. Dist. Ct.	f			texdistct
texdistct103	ST	Texas 102nd Judicial District Court	Tex. 102nd Jud. Dist. Ct.	f			texdistct
texdistct104	ST	Texas 103rd Judicial District Court	Tex. 103rd Jud. Dist. Ct.	f			texdistct
texdistct105	ST	Texas 104th Judicial District Court	Tex. 104th Jud. Dist. Ct.	f			texdistct
texdistct106	ST	Texas 105th Judicial District Court	Tex. 105th Jud. Dist. Ct.	f			texdistct
texdistct107	ST	Texas 106th Judicial District Court	Tex. 106th Jud. Dist. Ct.	f			texdistct
texdistct108	ST	Texas 107th Judicial District Court	Tex. 107th Jud. Dist. Ct.	f			texdistct
texdistct109	ST	Texas 108th Judicial District Court	Tex. 108th Jud. Dist. Ct.	f			texdistct
texdistct11	ST	Texas 10th Judicial District Court	Tex. 10th Jud. Dist. Ct.	f			texdistct
texdistct110	ST	Texas 109th Judicial District Court	Tex. 109th Jud. Dist. Ct.	f			texdistct
texdistct111	ST	Texas 110th Judicial District Court	Tex. 110th Jud. Dist. Ct.	f			texdistct
texdistct112	ST	Texas 111th Judicial District Court	Tex. 111th Jud. Dist. Ct.	f			texdistct
texdistct113	ST	Texas 112th Judicial District Court	Tex. 112th Jud. Dist. Ct.	f			texdistct
texdistct114	ST	Texas 113th Judicial District Court	Tex. 113th Jud. Dist. Ct.	f			texdistct
texdistct115	ST	Texas 114th Judicial District Court	Tex. 114th Jud. Dist. Ct.	f			texdistct
texdistct116	ST	Texas 115th Judicial District Court	Tex. 115th Jud. Dist. Ct.	f			texdistct
texdistct117	ST	Texas 116th Judicial District Court	Tex. 116th Jud. Dist. Ct.	f			texdistct
texdistct118	ST	Texas 117th Judicial District Court	Tex. 117th Jud. Dist. Ct.	f			texdistct
texdistct119	ST	Texas 118th Judicial District Court	Tex. 118th Jud. Dist. Ct.	f			texdistct
texdistct12	ST	Texas 11th Judicial District Court	Tex. 11th Jud. Dist. Ct.	f			texdistct
texdistct120	ST	Texas 119th Judicial District Court	Tex. 119th Jud. Dist. Ct.	f			texdistct
texdistct121	ST	Texas 120th Judicial District Court	Tex. 120th Jud. Dist. Ct.	f			texdistct
texdistct122	ST	Texas 121st Judicial District Court	Tex. 121st Jud. Dist. Ct.	f			texdistct
texdistct123	ST	Texas 122nd Judicial District Court	Tex. 122nd Jud. Dist. Ct.	f			texdistct
texdistct124	ST	Texas 123rd Judicial District Court	Tex. 123rd Jud. Dist. Ct.	f			texdistct
texdistct125	ST	Texas 124th Judicial District Court	Tex. 124th Jud. Dist. Ct.	f			texdistct
texdistct126	ST	Texas 125th Judicial District Court	Tex. 125th Jud. Dist. Ct.	f			texdistct
texdistct127	ST	Texas 126th Judicial District Court	Tex. 126th Jud. Dist. Ct.	f			texdistct
texdistct128	ST	Texas 127th Judicial District Court	Tex. 127th Jud. Dist. Ct.	f			texdistct
texdistct129	ST	Texas 128th Judicial District Court	Tex. 128th Jud. Dist. Ct.	f			texdistct
texdistct13	ST	Texas 12th Judicial District Court	Tex. 12th Jud. Dist. Ct.	f			texdistct
texdistct130	ST	Texas 129th Judicial District Court	Tex. 129th Jud. Dist. Ct.	f			texdistct
texdistct131	ST	Texas 130th Judicial District Court	Tex. 130th Jud. Dist. Ct.	f			texdistct
texdistct132	ST	Texas 131st Judicial District Court	Tex. 131st Jud. Dist. Ct.	f			texdistct
texdistct133	ST	Texas 132nd Judicial District Court	Tex. 132nd Jud. Dist. Ct.	f			texdistct
texdistct134	ST	Texas 133rd Judicial District Court	Tex. 133rd Jud. Dist. Ct.	f			texdistct
texdistct135	ST	Texas 134th Judicial District Court	Tex. 134th Jud. Dist. Ct.	f			texdistct
texdistct136	ST	Texas 135th Judicial District Court	Tex. 135th Jud. Dist. Ct.	f			texdistct
texdistct137	ST	Texas 136th Judicial District Court	Tex. 136th Jud. Dist. Ct.	f			texdistct
texdistct138	ST	Texas 137th Judicial District Court	Tex. 137th Jud. Dist. Ct.	f			texdistct
texdistct139	ST	Texas 138th Judicial District Court	Tex. 138th Jud. Dist. Ct.	f			texdistct
texdistct14	ST	Texas 13th Judicial District Court	Tex. 13th Jud. Dist. Ct.	f			texdistct
texdistct140	ST	Texas 139th Judicial District Court	Tex. 139th Jud. Dist. Ct.	f			texdistct
texdistct141	ST	Texas 140th Judicial District Court	Tex. 140th Jud. Dist. Ct.	f			texdistct
texdistct142	ST	Texas 141st Judicial District Court	Tex. 141st Jud. Dist. Ct.	f			texdistct
texdistct143	ST	Texas 142nd Judicial District Court	Tex. 142nd Jud. Dist. Ct.	f			texdistct
texdistct144	ST	Texas 143rd Judicial District Court	Tex. 143rd Jud. Dist. Ct.	f			texdistct
texdistct145	ST	Texas 144th Judicial District Court	Tex. 144th Jud. Dist. Ct.	f			texdistct
texdistct146	ST	Texas 145th Judicial District Court	Tex. 145th Jud. Dist. Ct.	f			texdistct
texdistct147	ST	Texas 146th Judicial District Court	Tex. 146th Jud. Dist. Ct.	f			texdistct
texdistct148	ST	Texas 147th Judicial District Court	Tex. 147th Jud. Dist. Ct.	f			texdistct
texdistct149	ST	Texas 148th Judicial District Court	Tex. 148th Jud. Dist. Ct.	f			texdistct
texdistct15	ST	Texas 14th Judicial District Court	Tex. 14th Jud. Dist. Ct.	f			texdistct
texdistct150	ST	Texas 149th Judicial District Court	Tex. 149th Jud. Dist. Ct.	f			texdistct
texdistct151	ST	Texas 150th Judicial District Court	Tex. 150th Jud. Dist. Ct.	f			texdistct
texdistct152	ST	Texas 151st Judicial District Court	Tex. 151st Jud. Dist. Ct.	f			texdistct
texdistct153	ST	Texas 152nd Judicial District Court	Tex. 152nd Jud. Dist. Ct.	f			texdistct
texdistct154	ST	Texas 153rd Judicial District Court	Tex. 153rd Jud. Dist. Ct.	f			texdistct
texdistct155	ST	Texas 154th Judicial District Court	Tex. 154th Jud. Dist. Ct.	f			texdistct
texdistct156	ST	Texas 155th Judicial District Court	Tex. 155th Jud. Dist. Ct.	f			texdistct
texdistct157	ST	Texas 156th Judicial District Court	Tex. 156th Jud. Dist. Ct.	f			texdistct
texdistct158	ST	Texas 157th Judicial District Court	Tex. 157th Jud. Dist. Ct.	f			texdistct
texdistct159	ST	Texas 158th Judicial District Court	Tex. 158th Jud. Dist. Ct.	f			texdistct
texdistct16	ST	Texas 15th Judicial District Court	Tex. 15th Jud. Dist. Ct.	f			texdistct
texdistct160	ST	Texas 159th Judicial District Court	Tex. 159th Jud. Dist. Ct.	f			texdistct
texdistct161	ST	Texas 160th Judicial District Court	Tex. 160th Jud. Dist. Ct.	f			texdistct
texdistct162	ST	Texas 161st Judicial District Court	Tex. 161st Jud. Dist. Ct.	f			texdistct
texdistct163	ST	Texas 162nd Judicial District Court	Tex. 162nd Jud. Dist. Ct.	f			texdistct
texdistct164	ST	Texas 163rd Judicial District Court	Tex. 163rd Jud. Dist. Ct.	f			texdistct
texdistct165	ST	Texas 164th Judicial District Court	Tex. 164th Jud. Dist. Ct.	f			texdistct
texdistct166	ST	Texas 165th Judicial District Court	Tex. 165th Jud. Dist. Ct.	f			texdistct
texdistct167	ST	Texas 166th Judicial District Court	Tex. 166th Jud. Dist. Ct.	f			texdistct
texdistct168	ST	Texas 167th Judicial District Court	Tex. 167th Jud. Dist. Ct.	f			texdistct
texdistct169	ST	Texas 168th Judicial District Court	Tex. 168th Jud. Dist. Ct.	f			texdistct
texdistct17	ST	Texas 16th Judicial District Court	Tex. 16th Jud. Dist. Ct.	f			texdistct
texdistct170	ST	Texas 169th Judicial District Court	Tex. 169th Jud. Dist. Ct.	f			texdistct
texdistct171	ST	Texas 170th Judicial District Court	Tex. 170th Jud. Dist. Ct.	f			texdistct
texdistct172	ST	Texas 171st Judicial District Court	Tex. 171st Jud. Dist. Ct.	f			texdistct
texdistct173	ST	Texas 172nd Judicial District Court	Tex. 172nd Jud. Dist. Ct.	f			texdistct
texdistct174	ST	Texas 173rd Judicial District Court	Tex. 173rd Jud. Dist. Ct.	f			texdistct
texdistct175	ST	Texas 174th Judicial District Court	Tex. 174th Jud. Dist. Ct.	f			texdistct
texdistct176	ST	Texas 175th Judicial District Court	Tex. 175th Jud. Dist. Ct.	f			texdistct
texdistct177	ST	Texas 176th Judicial District Court	Tex. 176th Jud. Dist. Ct.	f			texdistct
texdistct178	ST	Texas 177th Judicial District Court	Tex. 177th Jud. Dist. Ct.	f			texdistct
texdistct179	ST	Texas 178th Judicial District Court	Tex. 178th Jud. Dist. Ct.	f			texdistct
texdistct18	ST	Texas 17th Judicial District Court	Tex. 17th Jud. Dist. Ct.	f			texdistct
texdistct180	ST	Texas 179th Judicial District Court	Tex. 179th Jud. Dist. Ct.	f			texdistct
texdistct181	ST	Texas 180th Judicial District Court	Tex. 180th Jud. Dist. Ct.	f			texdistct
texdistct182	ST	Texas 181st Judicial District Court	Tex. 181st Jud. Dist. Ct.	f			texdistct
texdistct183	ST	Texas 182nd Judicial District Court	Tex. 182nd Jud. Dist. Ct.	f			texdistct
texdistct184	ST	Texas 183rd Judicial District Court	Tex. 183rd Jud. Dist. Ct.	f			texdistct
texdistct185	ST	Texas 184th Judicial District Court	Tex. 184th Jud. Dist. Ct.	f			texdistct
texdistct186	ST	Texas 185th Judicial District Court	Tex. 185th Jud. Dist. Ct.	f			texdistct
texdistct187	ST	Texas 186th Judicial District Court	Tex. 186th Jud. Dist. Ct.	f			texdistct
texdistct188	ST	Texas 187th Judicial District Court	Tex. 187th Jud. Dist. Ct.	f			texdistct
texdistct189	ST	Texas 188th Judicial District Court	Tex. 188th Jud. Dist. Ct.	f			texdistct
texdistct19	ST	Texas 18th Judicial District Court	Tex. 18th Jud. Dist. Ct.	f			texdistct
texdistct190	ST	Texas 189th Judicial District Court	Tex. 189th Jud. Dist. Ct.	f			texdistct
texdistct191	ST	Texas 190th Judicial District Court	Tex. 190th Jud. Dist. Ct.	f			texdistct
texdistct192	ST	Texas 191st Judicial District Court	Tex. 191st Jud. Dist. Ct.	f			texdistct
texdistct193	ST	Texas 192nd Judicial District Court	Tex. 192nd Jud. Dist. Ct.	f			texdistct
texdistct194	ST	Texas 193rd Judicial District Court	Tex. 193rd Jud. Dist. Ct.	f			texdistct
texdistct195	ST	Texas 194th Judicial District Court	Tex. 194th Jud. Dist. Ct.	f			texdistct
texdistct196	ST	Texas 195th Judicial District Court	Tex. 195th Jud. Dist. Ct.	f			texdistct
texdistct197	ST	Texas 196th Judicial District Court	Tex. 196th Jud. Dist. Ct.	f			texdistct
texdistct198	ST	Texas 197th Judicial District Court	Tex. 197th Jud. Dist. Ct.	f			texdistct
texdistct199	ST	Texas 198th Judicial District Court	Tex. 198th Jud. Dist. Ct.	f			texdistct
texdistct2	ST	Texas 1A Judicial District Court	Tex. 1A Jud. Dist. Ct.	f			texdistct
texdistct20	ST	Texas 19th Judicial District Court	Tex. 19th Jud. Dist. Ct.	f			texdistct
texdistct200	ST	Texas 199th Judicial District Court	Tex. 199th Jud. Dist. Ct.	f			texdistct
texdistct201	ST	Texas 200th Judicial District Court	Tex. 200th Jud. Dist. Ct.	f			texdistct
texdistct202	ST	Texas 201st Judicial District Court	Tex. 201st Jud. Dist. Ct.	f			texdistct
texdistct203	ST	Texas 202nd Judicial District Court	Tex. 202nd Jud. Dist. Ct.	f			texdistct
texdistct204	ST	Texas 203rd Judicial District Court	Tex. 203rd Jud. Dist. Ct.	f			texdistct
texdistct205	ST	Texas 204th Judicial District Court	Tex. 204th Jud. Dist. Ct.	f			texdistct
texdistct206	ST	Texas 205th Judicial District Court	Tex. 205th Jud. Dist. Ct.	f			texdistct
texdistct207	ST	Texas 206th Judicial District Court	Tex. 206th Jud. Dist. Ct.	f			texdistct
texdistct208	ST	Texas 207th Judicial District Court	Tex. 207th Jud. Dist. Ct.	f			texdistct
texdistct209	ST	Texas 208th Judicial District Court	Tex. 208th Jud. Dist. Ct.	f			texdistct
texdistct21	ST	Texas 20th Judicial District Court	Tex. 20th Jud. Dist. Ct.	f			texdistct
texdistct210	ST	Texas 209th Judicial District Court	Tex. 209th Jud. Dist. Ct.	f			texdistct
texdistct211	ST	Texas 210th Judicial District Court	Tex. 210th Jud. Dist. Ct.	f			texdistct
texdistct212	ST	Texas 211th Judicial District Court	Tex. 211th Jud. Dist. Ct.	f			texdistct
texdistct213	ST	Texas 212th Judicial District Court	Tex. 212th Jud. Dist. Ct.	f			texdistct
texdistct214	ST	Texas 213th Judicial District Court	Tex. 213th Jud. Dist. Ct.	f			texdistct
texdistct215	ST	Texas 214th Judicial District Court	Tex. 214th Jud. Dist. Ct.	f			texdistct
texdistct216	ST	Texas 215th Judicial District Court	Tex. 215th Jud. Dist. Ct.	f			texdistct
texdistct217	ST	Texas 216th Judicial District Court	Tex. 216th Jud. Dist. Ct.	f			texdistct
texdistct218	ST	Texas 217th Judicial District Court	Tex. 217th Jud. Dist. Ct.	f			texdistct
texdistct219	ST	Texas 218th Judicial District Court	Tex. 218th Jud. Dist. Ct.	f			texdistct
texdistct22	ST	Texas 21st Judicial District Court	Tex. 21st Jud. Dist. Ct.	f			texdistct
texdistct220	ST	Texas 219th Judicial District Court	Tex. 219th Jud. Dist. Ct.	f			texdistct
texdistct221	ST	Texas 220th Judicial District Court	Tex. 220th Jud. Dist. Ct.	f			texdistct
texdistct222	ST	Texas 221st Judicial District Court	Tex. 221st Jud. Dist. Ct.	f			texdistct
texdistct223	ST	Texas 222nd Judicial District Court	Tex. 222nd Jud. Dist. Ct.	f			texdistct
texdistct224	ST	Texas 223rd Judicial District Court	Tex. 223rd Jud. Dist. Ct.	f			texdistct
texdistct225	ST	Texas 224th Judicial District Court	Tex. 224th Jud. Dist. Ct.	f			texdistct
texdistct226	ST	Texas 225th Judicial District Court	Tex. 225th Jud. Dist. Ct.	f			texdistct
texdistct227	ST	Texas 226th Judicial District Court	Tex. 226th Jud. Dist. Ct.	f			texdistct
texdistct228	ST	Texas 227th Judicial District Court	Tex. 227th Jud. Dist. Ct.	f			texdistct
texdistct229	ST	Texas 228th Judicial District Court	Tex. 228th Jud. Dist. Ct.	f			texdistct
texdistct23	ST	Texas 22nd Judicial District Court	Tex. 22nd Jud. Dist. Ct.	f			texdistct
texdistct230	ST	Texas 229th Judicial District Court	Tex. 229th Jud. Dist. Ct.	f			texdistct
texdistct231	ST	Texas 230th Judicial District Court	Tex. 230th Jud. Dist. Ct.	f			texdistct
texdistct232	ST	Texas 231st Judicial District Court	Tex. 231st Jud. Dist. Ct.	f			texdistct
texdistct233	ST	Texas 232nd Judicial District Court	Tex. 232nd Jud. Dist. Ct.	f			texdistct
texdistct234	ST	Texas 233rd Judicial District Court	Tex. 233rd Jud. Dist. Ct.	f			texdistct
texdistct235	ST	Texas 234th Judicial District Court	Tex. 234th Jud. Dist. Ct.	f			texdistct
texdistct236	ST	Texas 235th Judicial District Court	Tex. 235th Jud. Dist. Ct.	f			texdistct
texdistct237	ST	Texas 236th Judicial District Court	Tex. 236th Jud. Dist. Ct.	f			texdistct
texdistct238	ST	Texas 237th Judicial District Court	Tex. 237th Jud. Dist. Ct.	f			texdistct
texdistct239	ST	Texas 238th Judicial District Court	Tex. 238th Jud. Dist. Ct.	f			texdistct
texdistct24	ST	Texas 23rd Judicial District Court	Tex. 23rd Jud. Dist. Ct.	f			texdistct
texdistct240	ST	Texas 239th Judicial District Court	Tex. 239th Jud. Dist. Ct.	f			texdistct
texdistct241	ST	Texas 240th Judicial District Court	Tex. 240th Jud. Dist. Ct.	f			texdistct
texdistct242	ST	Texas 241st Judicial District Court	Tex. 241st Jud. Dist. Ct.	f			texdistct
texdistct243	ST	Texas 242nd Judicial District Court	Tex. 242nd Jud. Dist. Ct.	f			texdistct
texdistct244	ST	Texas 243rd Judicial District Court	Tex. 243rd Jud. Dist. Ct.	f			texdistct
texdistct245	ST	Texas 244th Judicial District Court	Tex. 244th Jud. Dist. Ct.	f			texdistct
texdistct246	ST	Texas 245th Judicial District Court	Tex. 245th Jud. Dist. Ct.	f			texdistct
texdistct247	ST	Texas 246th Judicial District Court	Tex. 246th Jud. Dist. Ct.	f			texdistct
texdistct248	ST	Texas 247th Judicial District Court	Tex. 247th Jud. Dist. Ct.	f			texdistct
texdistct249	ST	Texas 248th Judicial District Court	Tex. 248th Jud. Dist. Ct.	f			texdistct
texdistct25	ST	Texas 24th Judicial District Court	Tex. 24th Jud. Dist. Ct.	f			texdistct
texdistct250	ST	Texas 249th Judicial District Court	Tex. 249th Jud. Dist. Ct.	f			texdistct
texdistct251	ST	Texas 250th Judicial District Court	Tex. 250th Jud. Dist. Ct.	f			texdistct
texdistct252	ST	Texas 251st Judicial District Court	Tex. 251st Jud. Dist. Ct.	f			texdistct
texdistct253	ST	Texas 252nd Judicial District Court	Tex. 252nd Jud. Dist. Ct.	f			texdistct
texdistct254	ST	Texas 253rd Judicial District Court	Tex. 253rd Jud. Dist. Ct.	f			texdistct
texdistct255	ST	Texas 254th Judicial District Court	Tex. 254th Jud. Dist. Ct.	f			texdistct
texdistct256	ST	Texas 255th Judicial District Court	Tex. 255th Jud. Dist. Ct.	f			texdistct
texdistct257	ST	Texas 256th Judicial District Court	Tex. 256th Jud. Dist. Ct.	f			texdistct
texdistct258	ST	Texas 257th Judicial District Court	Tex. 257th Jud. Dist. Ct.	f			texdistct
texdistct259	ST	Texas 258th Judicial District Court	Tex. 258th Jud. Dist. Ct.	f			texdistct
texdistct26	ST	Texas 25th Judicial District Court	Tex. 25th Jud. Dist. Ct.	f			texdistct
texdistct260	ST	Texas 259th Judicial District Court	Tex. 259th Jud. Dist. Ct.	f			texdistct
texdistct261	ST	Texas 260th Judicial District Court	Tex. 260th Jud. Dist. Ct.	f			texdistct
texdistct262	ST	Texas 261st Judicial District Court	Tex. 261st Jud. Dist. Ct.	f			texdistct
texdistct263	ST	Texas 262nd Judicial District Court	Tex. 262nd Jud. Dist. Ct.	f			texdistct
texdistct264	ST	Texas 263rd Judicial District Court	Tex. 263rd Jud. Dist. Ct.	f			texdistct
texdistct265	ST	Texas 264th Judicial District Court	Tex. 264th Jud. Dist. Ct.	f			texdistct
texdistct266	ST	Texas 265th Judicial District Court	Tex. 265th Jud. Dist. Ct.	f			texdistct
texdistct267	ST	Texas 266th Judicial District Court	Tex. 266th Jud. Dist. Ct.	f			texdistct
texdistct268	ST	Texas 267th Judicial District Court	Tex. 267th Jud. Dist. Ct.	f			texdistct
texdistct269	ST	Texas 268th Judicial District Court	Tex. 268th Jud. Dist. Ct.	f			texdistct
texdistct27	ST	Texas 26th Judicial District Court	Tex. 26th Jud. Dist. Ct.	f			texdistct
texdistct270	ST	Texas 269th Judicial District Court	Tex. 269th Jud. Dist. Ct.	f			texdistct
texdistct271	ST	Texas 270th Judicial District Court	Tex. 270th Jud. Dist. Ct.	f			texdistct
texdistct272	ST	Texas 271st Judicial District Court	Tex. 271st Jud. Dist. Ct.	f			texdistct
texdistct273	ST	Texas 272nd Judicial District Court	Tex. 272nd Jud. Dist. Ct.	f			texdistct
texdistct274	ST	Texas 273rd Judicial District Court	Tex. 273rd Jud. Dist. Ct.	f			texdistct
texdistct275	ST	Texas 274th Judicial District Court	Tex. 274th Jud. Dist. Ct.	f			texdistct
texdistct276	ST	Texas 275th Judicial District Court	Tex. 275th Jud. Dist. Ct.	f			texdistct
texdistct277	ST	Texas 276th Judicial District Court	Tex. 276th Jud. Dist. Ct.	f			texdistct
texdistct278	ST	Texas 277th Judicial District Court	Tex. 277th Jud. Dist. Ct.	f			texdistct
texdistct279	ST	Texas 278th Judicial District Court	Tex. 278th Jud. Dist. Ct.	f			texdistct
texdistct28	ST	Texas 27th Judicial District Court	Tex. 27th Jud. Dist. Ct.	f			texdistct
texdistct280	ST	Texas 279th Judicial District Court	Tex. 279th Jud. Dist. Ct.	f			texdistct
texdistct281	ST	Texas 280th Judicial District Court	Tex. 280th Jud. Dist. Ct.	f			texdistct
texdistct282	ST	Texas 281st Judicial District Court	Tex. 281st Jud. Dist. Ct.	f			texdistct
texdistct283	ST	Texas 282nd Judicial District Court	Tex. 282nd Jud. Dist. Ct.	f			texdistct
texdistct284	ST	Texas 283rd Judicial District Court	Tex. 283rd Jud. Dist. Ct.	f			texdistct
texdistct285	ST	Texas 284th Judicial District Court	Tex. 284th Jud. Dist. Ct.	f			texdistct
texdistct286	ST	Texas 285th Judicial District Court	Tex. 285th Jud. Dist. Ct.	f			texdistct
texdistct287	ST	Texas 286th Judicial District Court	Tex. 286th Jud. Dist. Ct.	f			texdistct
texdistct288	ST	Texas 287th Judicial District Court	Tex. 287th Jud. Dist. Ct.	f			texdistct
texdistct289	ST	Texas 288th Judicial District Court	Tex. 288th Jud. Dist. Ct.	f			texdistct
texdistct29	ST	Texas 28th Judicial District Court	Tex. 28th Jud. Dist. Ct.	f			texdistct
texdistct290	ST	Texas 289th Judicial District Court	Tex. 289th Jud. Dist. Ct.	f			texdistct
texdistct291	ST	Texas 290th Judicial District Court	Tex. 290th Jud. Dist. Ct.	f			texdistct
texdistct292	ST	Texas 291st Judicial District Court	Tex. 291st Jud. Dist. Ct.	f			texdistct
texdistct293	ST	Texas 292nd Judicial District Court	Tex. 292nd Jud. Dist. Ct.	f			texdistct
texdistct294	ST	Texas 293rd Judicial District Court	Tex. 293rd Jud. Dist. Ct.	f			texdistct
texdistct295	ST	Texas 294th Judicial District Court	Tex. 294th Jud. Dist. Ct.	f			texdistct
texdistct296	ST	Texas 295th Judicial District Court	Tex. 295th Jud. Dist. Ct.	f			texdistct
texdistct297	ST	Texas 296th Judicial District Court	Tex. 296th Jud. Dist. Ct.	f			texdistct
texdistct298	ST	Texas 297th Judicial District Court	Tex. 297th Jud. Dist. Ct.	f			texdistct
texdistct299	ST	Texas 298th Judicial District Court	Tex. 298th Jud. Dist. Ct.	f			texdistct
texdistct3	ST	Texas 2nd Judicial District Court	Tex. 2nd Jud. Dist. Ct.	f			texdistct
texdistct30	ST	Texas 29th Judicial District Court	Tex. 29th Jud. Dist. Ct.	f			texdistct
texdistct300	ST	Texas 299th Judicial District Court	Tex. 299th Jud. Dist. Ct.	f			texdistct
texdistct301	ST	Texas 300th Judicial District Court	Tex. 300th Jud. Dist. Ct.	f			texdistct
texdistct302	ST	Texas 301st Judicial District Court	Tex. 301st Jud. Dist. Ct.	f			texdistct
texdistct303	ST	Texas 302nd Judicial District Court	Tex. 302nd Jud. Dist. Ct.	f			texdistct
texdistct304	ST	Texas 303rd Judicial District Court	Tex. 303rd Jud. Dist. Ct.	f			texdistct
texdistct305	ST	Texas 304th Judicial District Court	Tex. 304th Jud. Dist. Ct.	f			texdistct
texdistct306	ST	Texas 305th Judicial District Court	Tex. 305th Jud. Dist. Ct.	f			texdistct
texdistct307	ST	Texas 306th Judicial District Court	Tex. 306th Jud. Dist. Ct.	f			texdistct
texdistct308	ST	Texas 307th Judicial District Court	Tex. 307th Jud. Dist. Ct.	f			texdistct
texdistct309	ST	Texas 308th Judicial District Court	Tex. 308th Jud. Dist. Ct.	f			texdistct
texdistct31	ST	Texas 30th Judicial District Court	Tex. 30th Jud. Dist. Ct.	f			texdistct
texdistct310	ST	Texas 309th Judicial District Court	Tex. 309th Jud. Dist. Ct.	f			texdistct
texdistct311	ST	Texas 310th Judicial District Court	Tex. 310th Jud. Dist. Ct.	f			texdistct
texdistct312	ST	Texas 311th Judicial District Court	Tex. 311th Jud. Dist. Ct.	f			texdistct
texdistct313	ST	Texas 312th Judicial District Court	Tex. 312th Jud. Dist. Ct.	f			texdistct
texdistct314	ST	Texas 313th Judicial District Court	Tex. 313th Jud. Dist. Ct.	f			texdistct
texdistct315	ST	Texas 314th Judicial District Court	Tex. 314th Jud. Dist. Ct.	f			texdistct
texdistct316	ST	Texas 315th Judicial District Court	Tex. 315th Jud. Dist. Ct.	f			texdistct
texdistct317	ST	Texas 316th Judicial District Court	Tex. 316th Jud. Dist. Ct.	f			texdistct
texdistct318	ST	Texas 317th Judicial District Court	Tex. 317th Jud. Dist. Ct.	f			texdistct
texdistct319	ST	Texas 318th Judicial District Court	Tex. 318th Jud. Dist. Ct.	f			texdistct
texdistct32	ST	Texas 31st Judicial District Court	Tex. 31st Jud. Dist. Ct.	f			texdistct
texdistct320	ST	Texas 319th Judicial District Court	Tex. 319th Jud. Dist. Ct.	f			texdistct
texdistct321	ST	Texas 320th Judicial District Court	Tex. 320th Jud. Dist. Ct.	f			texdistct
texdistct322	ST	Texas 321st Judicial District Court	Tex. 321st Jud. Dist. Ct.	f			texdistct
texdistct323	ST	Texas 322nd Judicial District Court	Tex. 322nd Jud. Dist. Ct.	f			texdistct
texdistct324	ST	Texas 323rd Judicial District Court	Tex. 323rd Jud. Dist. Ct.	f			texdistct
texdistct325	ST	Texas 324th Judicial District Court	Tex. 324th Jud. Dist. Ct.	f			texdistct
texdistct326	ST	Texas 325th Judicial District Court	Tex. 325th Jud. Dist. Ct.	f			texdistct
texdistct327	ST	Texas 326th Judicial District Court	Tex. 326th Jud. Dist. Ct.	f			texdistct
texdistct328	ST	Texas 327th Judicial District Court	Tex. 327th Jud. Dist. Ct.	f			texdistct
texdistct329	ST	Texas 328th Judicial District Court	Tex. 328th Jud. Dist. Ct.	f			texdistct
texdistct33	ST	Texas 32nd Judicial District Court	Tex. 32nd Jud. Dist. Ct.	f			texdistct
texdistct330	ST	Texas 329th Judicial District Court	Tex. 329th Jud. Dist. Ct.	f			texdistct
texdistct331	ST	Texas 330th Judicial District Court	Tex. 330th Jud. Dist. Ct.	f			texdistct
texdistct332	ST	Texas 331st Judicial District Court	Tex. 331st Jud. Dist. Ct.	f			texdistct
texdistct333	ST	Texas 332nd Judicial District Court	Tex. 332nd Jud. Dist. Ct.	f			texdistct
texdistct334	ST	Texas 333rd Judicial District Court	Tex. 333rd Jud. Dist. Ct.	f			texdistct
texdistct335	ST	Texas 334th Judicial District Court	Tex. 334th Jud. Dist. Ct.	f			texdistct
texdistct336	ST	Texas 335th Judicial District Court	Tex. 335th Jud. Dist. Ct.	f			texdistct
texdistct337	ST	Texas 336th Judicial District Court	Tex. 336th Jud. Dist. Ct.	f			texdistct
texdistct338	ST	Texas 337th Judicial District Court	Tex. 337th Jud. Dist. Ct.	f			texdistct
texdistct339	ST	Texas 338th Judicial District Court	Tex. 338th Jud. Dist. Ct.	f			texdistct
texdistct34	ST	Texas 33rd Judicial District Court	Tex. 33rd Jud. Dist. Ct.	f			texdistct
texdistct340	ST	Texas 339th Judicial District Court	Tex. 339th Jud. Dist. Ct.	f			texdistct
texdistct341	ST	Texas 340th Judicial District Court	Tex. 340th Jud. Dist. Ct.	f			texdistct
texdistct342	ST	Texas 341st Judicial District Court	Tex. 341st Jud. Dist. Ct.	f			texdistct
texdistct343	ST	Texas 342nd Judicial District Court	Tex. 342nd Jud. Dist. Ct.	f			texdistct
texdistct344	ST	Texas 343rd Judicial District Court	Tex. 343rd Jud. Dist. Ct.	f			texdistct
texdistct345	ST	Texas 344th Judicial District Court	Tex. 344th Jud. Dist. Ct.	f			texdistct
texdistct346	ST	Texas 345th Judicial District Court	Tex. 345th Jud. Dist. Ct.	f			texdistct
texdistct347	ST	Texas 346th Judicial District Court	Tex. 346th Jud. Dist. Ct.	f			texdistct
texdistct348	ST	Texas 347th Judicial District Court	Tex. 347th Jud. Dist. Ct.	f			texdistct
texdistct349	ST	Texas 348th Judicial District Court	Tex. 348th Jud. Dist. Ct.	f			texdistct
texdistct35	ST	Texas 34th Judicial District Court	Tex. 34th Jud. Dist. Ct.	f			texdistct
texdistct350	ST	Texas 349th Judicial District Court	Tex. 349th Jud. Dist. Ct.	f			texdistct
texdistct351	ST	Texas 350th Judicial District Court	Tex. 350th Jud. Dist. Ct.	f			texdistct
texdistct352	ST	Texas 351st Judicial District Court	Tex. 351st Jud. Dist. Ct.	f			texdistct
texdistct353	ST	Texas 352nd Judicial District Court	Tex. 352nd Jud. Dist. Ct.	f			texdistct
texdistct354	ST	Texas 353rd Judicial District Court	Tex. 353rd Jud. Dist. Ct.	f			texdistct
texdistct355	ST	Texas 354th Judicial District Court	Tex. 354th Jud. Dist. Ct.	f			texdistct
texdistct356	ST	Texas 355th Judicial District Court	Tex. 355th Jud. Dist. Ct.	f			texdistct
texdistct357	ST	Texas 356th Judicial District Court	Tex. 356th Jud. Dist. Ct.	f			texdistct
texdistct358	ST	Texas 357th Judicial District Court	Tex. 357th Jud. Dist. Ct.	f			texdistct
texdistct359	ST	Texas 358th Judicial District Court	Tex. 358th Jud. Dist. Ct.	f			texdistct
texdistct36	ST	Texas 35th Judicial District Court	Tex. 35th Jud. Dist. Ct.	f			texdistct
texdistct360	ST	Texas 359th Judicial District Court	Tex. 359th Jud. Dist. Ct.	f			texdistct
texdistct361	ST	Texas 360th Judicial District Court	Tex. 360th Jud. Dist. Ct.	f			texdistct
texdistct362	ST	Texas 361st Judicial District Court	Tex. 361st Jud. Dist. Ct.	f			texdistct
texdistct363	ST	Texas 362nd Judicial District Court	Tex. 362nd Jud. Dist. Ct.	f			texdistct
texdistct364	ST	Texas 363rd Judicial District Court	Tex. 363rd Jud. Dist. Ct.	f			texdistct
texdistct365	ST	Texas 364th Judicial District Court	Tex. 364th Jud. Dist. Ct.	f			texdistct
texdistct366	ST	Texas 365th Judicial District Court	Tex. 365th Jud. Dist. Ct.	f			texdistct
texdistct367	ST	Texas 366th Judicial District Court	Tex. 366th Jud. Dist. Ct.	f			texdistct
texdistct368	ST	Texas 367th Judicial District Court	Tex. 367th Jud. Dist. Ct.	f			texdistct
texdistct369	ST	Texas 368th Judicial District Court	Tex. 368th Jud. Dist. Ct.	f			texdistct
texdistct37	ST	Texas 36th Judicial District Court	Tex. 36th Jud. Dist. Ct.	f			texdistct
texdistct370	ST	Texas 369th Judicial District Court	Tex. 369th Jud. Dist. Ct.	f			texdistct
texdistct371	ST	Texas 370th Judicial District Court	Tex. 370th Jud. Dist. Ct.	f			texdistct
texdistct372	ST	Texas 371st Judicial District Court	Tex. 371st Jud. Dist. Ct.	f			texdistct
texdistct373	ST	Texas 372nd Judicial District Court	Tex. 372nd Jud. Dist. Ct.	f			texdistct
texdistct374	ST	Texas 373rd Judicial District Court	Tex. 373rd Jud. Dist. Ct.	f			texdistct
texdistct375	ST	Texas 374th Judicial District Court	Tex. 374th Jud. Dist. Ct.	f			texdistct
texdistct376	ST	Texas 375th Judicial District Court	Tex. 375th Jud. Dist. Ct.	f			texdistct
texdistct377	ST	Texas 376th Judicial District Court	Tex. 376th Jud. Dist. Ct.	f			texdistct
texdistct378	ST	Texas 377th Judicial District Court	Tex. 377th Jud. Dist. Ct.	f			texdistct
texdistct379	ST	Texas 378th Judicial District Court	Tex. 378th Jud. Dist. Ct.	f			texdistct
texdistct38	ST	Texas 37th Judicial District Court	Tex. 37th Jud. Dist. Ct.	f			texdistct
texdistct380	ST	Texas 379th Judicial District Court	Tex. 379th Jud. Dist. Ct.	f			texdistct
texdistct381	ST	Texas 380th Judicial District Court	Tex. 380th Jud. Dist. Ct.	f			texdistct
texdistct382	ST	Texas 381st Judicial District Court	Tex. 381st Jud. Dist. Ct.	f			texdistct
texdistct383	ST	Texas 382nd Judicial District Court	Tex. 382nd Jud. Dist. Ct.	f			texdistct
texdistct384	ST	Texas 383rd Judicial District Court	Tex. 383rd Jud. Dist. Ct.	f			texdistct
texdistct385	ST	Texas 384th Judicial District Court	Tex. 384th Jud. Dist. Ct.	f			texdistct
texdistct386	ST	Texas 385th Judicial District Court	Tex. 385th Jud. Dist. Ct.	f			texdistct
texdistct387	ST	Texas 386th Judicial District Court	Tex. 386th Jud. Dist. Ct.	f			texdistct
texdistct388	ST	Texas 387th Judicial District Court	Tex. 387th Jud. Dist. Ct.	f			texdistct
texdistct389	ST	Texas 388th Judicial District Court	Tex. 388th Jud. Dist. Ct.	f			texdistct
texdistct39	ST	Texas 38th Judicial District Court	Tex. 38th Jud. Dist. Ct.	f			texdistct
texdistct390	ST	Texas 389th Judicial District Court	Tex. 389th Jud. Dist. Ct.	f			texdistct
texdistct391	ST	Texas 390th Judicial District Court	Tex. 390th Jud. Dist. Ct.	f			texdistct
texdistct392	ST	Texas 391st Judicial District Court	Tex. 391st Jud. Dist. Ct.	f			texdistct
texdistct393	ST	Texas 392nd Judicial District Court	Tex. 392nd Jud. Dist. Ct.	f			texdistct
texdistct394	ST	Texas 393rd Judicial District Court	Tex. 393rd Jud. Dist. Ct.	f			texdistct
texdistct395	ST	Texas 394th Judicial District Court	Tex. 394th Jud. Dist. Ct.	f			texdistct
texdistct396	ST	Texas 395th Judicial District Court	Tex. 395th Jud. Dist. Ct.	f			texdistct
texdistct397	ST	Texas 396th Judicial District Court	Tex. 396th Jud. Dist. Ct.	f			texdistct
texdistct398	ST	Texas 397th Judicial District Court	Tex. 397th Jud. Dist. Ct.	f			texdistct
texdistct399	ST	Texas 398th Judicial District Court	Tex. 398th Jud. Dist. Ct.	f			texdistct
texdistct4	ST	Texas 3rd Judicial District Court	Tex. 3rd Jud. Dist. Ct.	f			texdistct
texdistct40	ST	Texas 39th Judicial District Court	Tex. 39th Jud. Dist. Ct.	f			texdistct
texdistct400	ST	Texas 399th Judicial District Court	Tex. 399th Jud. Dist. Ct.	f			texdistct
texdistct401	ST	Texas 400th Judicial District Court	Tex. 400th Jud. Dist. Ct.	f			texdistct
texdistct402	ST	Texas 401st Judicial District Court	Tex. 401st Jud. Dist. Ct.	f			texdistct
texdistct403	ST	Texas 402nd Judicial District Court	Tex. 402nd Jud. Dist. Ct.	f			texdistct
texdistct404	ST	Texas 403rd Judicial District Court	Tex. 403rd Jud. Dist. Ct.	f			texdistct
texdistct405	ST	Texas 404th Judicial District Court	Tex. 404th Jud. Dist. Ct.	f			texdistct
texdistct406	ST	Texas 405th Judicial District Court	Tex. 405th Jud. Dist. Ct.	f			texdistct
texdistct407	ST	Texas 406th Judicial District Court	Tex. 406th Jud. Dist. Ct.	f			texdistct
texdistct408	ST	Texas 407th Judicial District Court	Tex. 407th Jud. Dist. Ct.	f			texdistct
texdistct409	ST	Texas 408th Judicial District Court	Tex. 408th Jud. Dist. Ct.	f			texdistct
texdistct41	ST	Texas 40th Judicial District Court	Tex. 40th Jud. Dist. Ct.	f			texdistct
texdistct410	ST	Texas 409th Judicial District Court	Tex. 409th Jud. Dist. Ct.	f			texdistct
texdistct411	ST	Texas 410th Judicial District Court	Tex. 410th Jud. Dist. Ct.	f			texdistct
texdistct412	ST	Texas 411th Judicial District Court	Tex. 411th Jud. Dist. Ct.	f			texdistct
texdistct413	ST	Texas 412th Judicial District Court	Tex. 412th Jud. Dist. Ct.	f			texdistct
texdistct414	ST	Texas 413th Judicial District Court	Tex. 413th Jud. Dist. Ct.	f			texdistct
texdistct415	ST	Texas 414th Judicial District Court	Tex. 414th Jud. Dist. Ct.	f			texdistct
texdistct416	ST	Texas 415th Judicial District Court	Tex. 415th Jud. Dist. Ct.	f			texdistct
texdistct417	ST	Texas 416th Judicial District Court	Tex. 416th Jud. Dist. Ct.	f			texdistct
texdistct418	ST	Texas 417th Judicial District Court	Tex. 417th Jud. Dist. Ct.	f			texdistct
texdistct419	ST	Texas 418th Judicial District Court	Tex. 418th Jud. Dist. Ct.	f			texdistct
texdistct42	ST	Texas 41st Judicial District Court	Tex. 41st Jud. Dist. Ct.	f			texdistct
texdistct420	ST	Texas 419th Judicial District Court	Tex. 419th Jud. Dist. Ct.	f			texdistct
texdistct421	ST	Texas 420th Judicial District Court	Tex. 420th Jud. Dist. Ct.	f			texdistct
texdistct422	ST	Texas 421st Judicial District Court	Tex. 421st Jud. Dist. Ct.	f			texdistct
texdistct423	ST	Texas 422nd Judicial District Court	Tex. 422nd Jud. Dist. Ct.	f			texdistct
texdistct424	ST	Texas 423rd Judicial District Court	Tex. 423rd Jud. Dist. Ct.	f			texdistct
texdistct425	ST	Texas 424th Judicial District Court	Tex. 424th Jud. Dist. Ct.	f			texdistct
texdistct426	ST	Texas 425th Judicial District Court	Tex. 425th Jud. Dist. Ct.	f			texdistct
texdistct427	ST	Texas 426th Judicial District Court	Tex. 426th Jud. Dist. Ct.	f			texdistct
texdistct428	ST	Texas 427th Judicial District Court	Tex. 427th Jud. Dist. Ct.	f			texdistct
texdistct429	ST	Texas 428th Judicial District Court	Tex. 428th Jud. Dist. Ct.	f			texdistct
texdistct43	ST	Texas 42nd Judicial District Court	Tex. 42nd Jud. Dist. Ct.	f			texdistct
texdistct430	ST	Texas 429th Judicial District Court	Tex. 429th Jud. Dist. Ct.	f			texdistct
texdistct431	ST	Texas 430th Judicial District Court	Tex. 430th Jud. Dist. Ct.	f			texdistct
texdistct432	ST	Texas 431st Judicial District Court	Tex. 431st Jud. Dist. Ct.	f			texdistct
texdistct433	ST	Texas 432nd Judicial District Court	Tex. 432nd Jud. Dist. Ct.	f			texdistct
texdistct434	ST	Texas 433rd Judicial District Court	Tex. 433rd Jud. Dist. Ct.	f			texdistct
texdistct435	ST	Texas 434th Judicial District Court	Tex. 434th Jud. Dist. Ct.	f			texdistct
texdistct436	ST	Texas 435th Judicial District Court	Tex. 435th Jud. Dist. Ct.	f			texdistct
texdistct437	ST	Texas 436th Judicial District Court	Tex. 436th Jud. Dist. Ct.	f			texdistct
texdistct438	ST	Texas 437th Judicial District Court	Tex. 437th Jud. Dist. Ct.	f			texdistct
texdistct439	ST	Texas 438th Judicial District Court	Tex. 438th Jud. Dist. Ct.	f			texdistct
texdistct44	ST	Texas 43rd Judicial District Court	Tex. 43rd Jud. Dist. Ct.	f			texdistct
texdistct440	ST	Texas 439th Judicial District Court	Tex. 439th Jud. Dist. Ct.	f			texdistct
texdistct441	ST	Texas 440th Judicial District Court	Tex. 440th Jud. Dist. Ct.	f			texdistct
texdistct442	ST	Texas 441st Judicial District Court	Tex. 441st Jud. Dist. Ct.	f			texdistct
texdistct443	ST	Texas 442nd Judicial District Court	Tex. 442nd Jud. Dist. Ct.	f			texdistct
texdistct444	ST	Texas 443rd Judicial District Court	Tex. 443rd Jud. Dist. Ct.	f			texdistct
texdistct445	ST	Texas 444th Judicial District Court	Tex. 444th Jud. Dist. Ct.	f			texdistct
texdistct446	ST	Texas 445th Judicial District Court	Tex. 445th Jud. Dist. Ct.	f			texdistct
texdistct447	ST	Texas 446th Judicial District Court	Tex. 446th Jud. Dist. Ct.	f			texdistct
texdistct448	ST	Texas 447th Judicial District Court	Tex. 447th Jud. Dist. Ct.	f			texdistct
texdistct449	ST	Texas 448th Judicial District Court	Tex. 448th Jud. Dist. Ct.	f			texdistct
texdistct45	ST	Texas 44th Judicial District Court	Tex. 44th Jud. Dist. Ct.	f			texdistct
texdistct450	ST	Texas 449th Judicial District Court	Tex. 449th Jud. Dist. Ct.	f			texdistct
texdistct451	ST	Texas 450th Judicial District Court	Tex. 450th Jud. Dist. Ct.	f			texdistct
texdistct452	ST	Texas 451st Judicial District Court	Tex. 451st Jud. Dist. Ct.	f			texdistct
texdistct453	ST	Texas 452nd Judicial District Court	Tex. 452nd Jud. Dist. Ct.	f			texdistct
texdistct454	ST	Texas 453rd Judicial District Court	Tex. 453rd Jud. Dist. Ct.	f			texdistct
texdistct455	ST	Texas 454th Judicial District Court	Tex. 454th Jud. Dist. Ct.	f			texdistct
texdistct456	ST	Texas 455th Judicial District Court	Tex. 455th Jud. Dist. Ct.	f			texdistct
texdistct457	ST	Texas 456th Judicial District Court	Tex. 456th Jud. Dist. Ct.	f			texdistct
texdistct458	ST	Texas 457th Judicial District Court	Tex. 457th Jud. Dist. Ct.	f			texdistct
texdistct459	ST	Texas 458th Judicial District Court	Tex. 458th Jud. Dist. Ct.	f			texdistct
texdistct46	ST	Texas 45th Judicial District Court	Tex. 45th Jud. Dist. Ct.	f			texdistct
texdistct460	ST	Texas 459th Judicial District Court	Tex. 459th Jud. Dist. Ct.	f			texdistct
texdistct461	ST	Texas 460th Judicial District Court	Tex. 460th Jud. Dist. Ct.	f			texdistct
texdistct462	ST	Texas 461st Judicial District Court	Tex. 461st Jud. Dist. Ct.	f			texdistct
texdistct463	ST	Texas 462nd Judicial District Court	Tex. 462nd Jud. Dist. Ct.	f			texdistct
texdistct464	ST	Texas 463rd Judicial District Court	Tex. 463rd Jud. Dist. Ct.	f			texdistct
texdistct465	ST	Texas 464th Judicial District Court	Tex. 464th Jud. Dist. Ct.	f			texdistct
texdistct466	ST	Texas 465th Judicial District Court	Tex. 465th Jud. Dist. Ct.	f			texdistct
texdistct467	ST	Texas 466th Judicial District Court	Tex. 466th Jud. Dist. Ct.	f			texdistct
texdistct468	ST	Texas 467th Judicial District Court	Tex. 467th Jud. Dist. Ct.	f			texdistct
texdistct469	ST	Texas 468th Judicial District Court	Tex. 468th Jud. Dist. Ct.	f			texdistct
texdistct47	ST	Texas 46th Judicial District Court	Tex. 46th Jud. Dist. Ct.	f			texdistct
texdistct470	ST	Texas 469th Judicial District Court	Tex. 469th Jud. Dist. Ct.	f			texdistct
texdistct471	ST	Texas 470th Judicial District Court	Tex. 470th Jud. Dist. Ct.	f			texdistct
texdistct472	ST	Texas 471st Judicial District Court	Tex. 471st Jud. Dist. Ct.	f			texdistct
texdistct473	ST	Texas 472nd Judicial District Court	Tex. 472nd Jud. Dist. Ct.	f			texdistct
texdistct474	ST	Texas 473rd Judicial District Court	Tex. 473rd Jud. Dist. Ct.	f			texdistct
texdistct475	ST	Texas 474th Judicial District Court	Tex. 474th Jud. Dist. Ct.	f			texdistct
texdistct476	ST	Texas 475th Judicial District Court	Tex. 475th Jud. Dist. Ct.	f			texdistct
texdistct477	ST	Texas 476th Judicial District Court	Tex. 476th Jud. Dist. Ct.	f			texdistct
texdistct478	ST	Texas 477th Judicial District Court	Tex. 477th Jud. Dist. Ct.	f			texdistct
texdistct479	ST	Texas 478th Judicial District Court	Tex. 478th Jud. Dist. Ct.	f			texdistct
texdistct48	ST	Texas 47th Judicial District Court	Tex. 47th Jud. Dist. Ct.	f			texdistct
texdistct480	ST	Texas 479th Judicial District Court	Tex. 479th Jud. Dist. Ct.	f			texdistct
texdistct481	ST	Texas 480th Judicial District Court	Tex. 480th Jud. Dist. Ct.	f			texdistct
texdistct482	ST	Texas 481st Judicial District Court	Tex. 481st Jud. Dist. Ct.	f			texdistct
texdistct483	ST	Texas 482nd Judicial District Court	Tex. 482nd Jud. Dist. Ct.	f			texdistct
texdistct484	ST	Texas 483rd Judicial District Court	Tex. 483rd Jud. Dist. Ct.	f			texdistct
texdistct485	ST	Texas 484th Judicial District Court	Tex. 484th Jud. Dist. Ct.	f			texdistct
texdistct486	ST	Texas 485th Judicial District Court	Tex. 485th Jud. Dist. Ct.	f			texdistct
texdistct487	ST	Texas 486th Judicial District Court	Tex. 486th Jud. Dist. Ct.	f			texdistct
texdistct488	ST	Texas 487th Judicial District Court	Tex. 487th Jud. Dist. Ct.	f			texdistct
texdistct489	ST	Texas 488th Judicial District Court	Tex. 488th Jud. Dist. Ct.	f			texdistct
texdistct49	ST	Texas 48th Judicial District Court	Tex. 48th Jud. Dist. Ct.	f			texdistct
texdistct490	ST	Texas 489th Judicial District Court	Tex. 489th Jud. Dist. Ct.	f			texdistct
texdistct491	ST	Texas 490th Judicial District Court	Tex. 490th Jud. Dist. Ct.	f			texdistct
texdistct492	ST	Texas 491st Judicial District Court	Tex. 491st Jud. Dist. Ct.	f			texdistct
texdistct493	ST	Texas 492nd Judicial District Court	Tex. 492nd Jud. Dist. Ct.	f			texdistct
texdistct494	ST	Texas 493rd Judicial District Court	Tex. 493rd Jud. Dist. Ct.	f			texdistct
texdistct495	ST	Texas 494th Judicial District Court	Tex. 494th Jud. Dist. Ct.	f			texdistct
texdistct496	ST	Texas 495th Judicial District Court	Tex. 495th Jud. Dist. Ct.	f			texdistct
texdistct497	ST	Texas 496th Judicial District Court	Tex. 496th Jud. Dist. Ct.	f			texdistct
texdistct498	ST	Texas 497th Judicial District Court	Tex. 497th Jud. Dist. Ct.	f			texdistct
texdistct499	ST	Texas 498th Judicial District Court	Tex. 498th Jud. Dist. Ct.	f			texdistct
texdistct5	ST	Texas 4th Judicial District Court	Tex. 4th Jud. Dist. Ct.	f			texdistct
texdistct50	ST	Texas 49th Judicial District Court	Tex. 49th Jud. Dist. Ct.	f			texdistct
texdistct500	ST	Texas 499th Judicial District Court	Tex. 499th Jud. Dist. Ct.	f			texdistct
texdistct501	ST	Texas 500th Judicial District Court	Tex. 500th Jud. Dist. Ct.	f			texdistct
texdistct502	ST	Texas 501st Judicial District Court	Tex. 501st Jud. Dist. Ct.	f			texdistct
texdistct503	ST	Texas 502nd Judicial District Court	Tex. 502nd Jud. Dist. Ct.	f			texdistct
texdistct504	ST	Texas 503rd Judicial District Court	Tex. 503rd Jud. Dist. Ct.	f			texdistct
texdistct505	ST	Texas 504th Judicial District Court	Tex. 504th Jud. Dist. Ct.	f			texdistct
texdistct506	ST	Texas 505th Judicial District Court	Tex. 505th Jud. Dist. Ct.	f			texdistct
texdistct507	ST	Texas 506th Judicial District Court	Tex. 506th Jud. Dist. Ct.	f			texdistct
texdistct508	ST	Texas 507th Judicial District Court	Tex. 507th Jud. Dist. Ct.	f			texdistct
texdistct51	ST	Texas 50th Judicial District Court	Tex. 50th Jud. Dist. Ct.	f			texdistct
texdistct52	ST	Texas 51st Judicial District Court	Tex. 51st Jud. Dist. Ct.	f			texdistct
texdistct53	ST	Texas 52nd Judicial District Court	Tex. 52nd Jud. Dist. Ct.	f			texdistct
texdistct54	ST	Texas 53rd Judicial District Court	Tex. 53rd Jud. Dist. Ct.	f			texdistct
texdistct55	ST	Texas 54th Judicial District Court	Tex. 54th Jud. Dist. Ct.	f			texdistct
texdistct56	ST	Texas 55th Judicial District Court	Tex. 55th Jud. Dist. Ct.	f			texdistct
texdistct57	ST	Texas 56th Judicial District Court	Tex. 56th Jud. Dist. Ct.	f			texdistct
texdistct58	ST	Texas 57th Judicial District Court	Tex. 57th Jud. Dist. Ct.	f			texdistct
texdistct59	ST	Texas 58th Judicial District Court	Tex. 58th Jud. Dist. Ct.	f			texdistct
texdistct6	ST	Texas 5th Judicial District Court	Tex. 5th Jud. Dist. Ct.	f			texdistct
texdistct60	ST	Texas 59th Judicial District Court	Tex. 59th Jud. Dist. Ct.	f			texdistct
texdistct61	ST	Texas 60th Judicial District Court	Tex. 60th Jud. Dist. Ct.	f			texdistct
texdistct62	ST	Texas 61st Judicial District Court	Tex. 61st Jud. Dist. Ct.	f			texdistct
texdistct63	ST	Texas 62nd Judicial District Court	Tex. 62nd Jud. Dist. Ct.	f			texdistct
texdistct64	ST	Texas 63rd Judicial District Court	Tex. 63rd Jud. Dist. Ct.	f			texdistct
texdistct65	ST	Texas 64th Judicial District Court	Tex. 64th Jud. Dist. Ct.	f			texdistct
texdistct66	ST	Texas 65th Judicial District Court	Tex. 65th Jud. Dist. Ct.	f			texdistct
texdistct67	ST	Texas 66th Judicial District Court	Tex. 66th Jud. Dist. Ct.	f			texdistct
texdistct68	ST	Texas 67th Judicial District Court	Tex. 67th Jud. Dist. Ct.	f			texdistct
texdistct69	ST	Texas 68th Judicial District Court	Tex. 68th Jud. Dist. Ct.	f			texdistct
texdistct7	ST	Texas 6th Judicial District Court	Tex. 6th Jud. Dist. Ct.	f			texdistct
texdistct70	ST	Texas 69th Judicial District Court	Tex. 69th Jud. Dist. Ct.	f			texdistct
texdistct71	ST	Texas 70th Judicial District Court	Tex. 70th Jud. Dist. Ct.	f			texdistct
texdistct72	ST	Texas 71st Judicial District Court	Tex. 71st Jud. Dist. Ct.	f			texdistct
texdistct73	ST	Texas 72nd Judicial District Court	Tex. 72nd Jud. Dist. Ct.	f			texdistct
texdistct74	ST	Texas 73rd Judicial District Court	Tex. 73rd Jud. Dist. Ct.	f			texdistct
texdistct75	ST	Texas 74th Judicial District Court	Tex. 74th Jud. Dist. Ct.	f			texdistct
texdistct76	ST	Texas 75th Judicial District Court	Tex. 75th Jud. Dist. Ct.	f			texdistct
texdistct77	ST	Texas 76th Judicial District Court	Tex. 76th Jud. Dist. Ct.	f			texdistct
texdistct78	ST	Texas 77th Judicial District Court	Tex. 77th Jud. Dist. Ct.	f			texdistct
texdistct79	ST	Texas 78th Judicial District Court	Tex. 78th Jud. Dist. Ct.	f			texdistct
texdistct8	ST	Texas 7th Judicial District Court	Tex. 7th Jud. Dist. Ct.	f			texdistct
texdistct80	ST	Texas 79th Judicial District Court	Tex. 79th Jud. Dist. Ct.	f			texdistct
texdistct81	ST	Texas 80th Judicial District Court	Tex. 80th Jud. Dist. Ct.	f			texdistct
texdistct82	ST	Texas 81st Judicial District Court	Tex. 81st Jud. Dist. Ct.	f			texdistct
texdistct83	ST	Texas 82nd Judicial District Court	Tex. 82nd Jud. Dist. Ct.	f			texdistct
texdistct84	ST	Texas 83rd Judicial District Court	Tex. 83rd Jud. Dist. Ct.	f			texdistct
texdistct85	ST	Texas 84th Judicial District Court	Tex. 84th Jud. Dist. Ct.	f			texdistct
texdistct86	ST	Texas 85th Judicial District Court	Tex. 85th Jud. Dist. Ct.	f			texdistct
texdistct87	ST	Texas 86th Judicial District Court	Tex. 86th Jud. Dist. Ct.	f			texdistct
texdistct88	ST	Texas 87th Judicial District Court	Tex. 87th Jud. Dist. Ct.	f			texdistct
texdistct89	ST	Texas 88th Judicial District Court	Tex. 88th Jud. Dist. Ct.	f			texdistct
texdistct9	ST	Texas 8th Judicial District Court	Tex. 8th Jud. Dist. Ct.	f			texdistct
texdistct90	ST	Texas 89th Judicial District Court	Tex. 89th Jud. Dist. Ct.	f			texdistct
texdistct91	ST	Texas 90th Judicial District Court	Tex. 90th Jud. Dist. Ct.	f			texdistct
texdistct92	ST	Texas 91st Judicial District Court	Tex. 91st Jud. Dist. Ct.	f			texdistct
texdistct93	ST	Texas 92nd Judicial District Court	Tex. 92nd Jud. Dist. Ct.	f			texdistct
texdistct94	ST	Texas 93rd Judicial District Court	Tex. 93rd Jud. Dist. Ct.	f			texdistct
texdistct95	ST	Texas 94th Judicial District Court	Tex. 94th Jud. Dist. Ct.	f			texdistct
texdistct96	ST	Texas 95th Judicial District Court	Tex. 95th Jud. Dist. Ct.	f			texdistct
texdistct97	ST	Texas 96th Judicial District Court	Tex. 96th Jud. Dist. Ct.	f			texdistct
texdistct98	ST	Texas 97th Judicial District Court	Tex. 97th Jud. Dist. Ct.	f			texdistct
texdistct99	ST	Texas 98th Judicial District Court	Tex. 98th Jud. Dist. Ct.	f			texdistct
texjpml	SA	Texas Judicial Panel on Multidistrict Litigation	Texas Judicial Panel on Multidistrict Litigation	t			
texprobct	ST	Texas Probate Court	Tex. Prob. Ct.	f			
texprobct1	ST	Texas Probate Court, Dallas No. 2	Tex. Prob. Ct., Dallas No. 2	f			
texreview	SS	Texas Special Court of Review	Texas Special Court of Review	t			
texrevtrib	SS	Texas Court of Review Tribunal	Texas Court of Review Tribunal	f			
tneb	FB	United States Bankruptcy Court, E.D. Tennessee	E.D. Tennessee	t			
tned	FD	District Court, E.D. Tennessee	E.D. Tennessee	t			usdistct
tnmb	FB	United States Bankruptcy Court, M.D. Tennessee	M.D. Tennessee	t			
tnmd	FD	District Court, M.D. Tennessee	M.D. Tennessee	t			usdistct
tnwb	FB	United States Bankruptcy Court, W.D. Tennessee	W.D. Tennessee	t			
tnwd	FD	District Court, W.D. Tennessee	W.D. Tennessee	t			usdistct
trinitydistct	ST	Trinity District Court	Trinity District Court	f	1849-01-01	1879-12-31	caldistct
ttab	FS	Trademark Trial and Appeal Board	Trademark Trial and Appeal Board	t	1958-01-01		
tulalipctapp	TRA	Tulalip Court of Appeals	Tulalip Court of Appeals	t			
txctapp1	SA	Texas Court of Appeals, 1st District (Houston)	Tex. App. Ct., 1st Dist. (Houston)	f			texapp
txctapp10	SA	Texas Court of Appeals, 10th District (Waco)	Tex. App. Ct., 10th Dist. (Waco)	f			texapp
txctapp11	SA	Texas Court of Appeals, 11th District (Eastland)	Tex. App. Ct., 11th Dist. (Eastland)	f			texapp
txctapp12	SA	Texas Court of Appeals, 12th District (Tyler)	Tex. App. Ct., 12th Dist. (Tyler)	f			texapp
txctapp13	SA	Texas Court of Appeals, 13th District	Tex. App. Ct., 13th Dist.	f			texapp
txctapp13A	SA	Texas Court of Appeals, 13th District (Corpus Christi)	Tex. App. Ct., 13th Dist. (Corpus Christi)	f			texapp
txctapp13B	SA	Texas Court of Appeals, 13th District (Edinburg)	Tex. App. Ct., 13th Dist. (Edinburg)	f			texapp
txctapp14	SA	Texas Court of Appeals, 14th District (Houston)	Tex. App. Ct., 14th Dist. (Houston)	f			texapp
txctapp15	SA	Texas Court of Appeals, 15th District	Tex. App. Ct., 15th Dist.	f			texapp
txctapp2	SA	Texas Court of Appeals, 2nd District (Fort Worth)	Tex. App. Ct., 2nd Dist. (Fort Worth)	f			texapp
txctapp3	SA	Texas Court of Appeals, 3rd District (Austin)	Tex. App. Ct., 3rd Dist. (Austin)	f			texapp
txctapp4	SA	Texas Court of Appeals, 4th District (San Antonio)	Tex. App. Ct., 4th Dist. (San Antonio)	f			texapp
txctapp5	SA	Texas Court of Appeals, 5th District (Dallas)	Tex. App. Ct., 5th Dist. (Dallas)	f			texapp
txctapp6	SA	Texas Court of Appeals, 6th District (Texarkana)	Tex. App. Ct., 6th Dist. (Texarkana)	f			texapp
txctapp7	SA	Texas Court of Appeals, 7th District (Amarillo)	Tex. App. Ct., 7th Dist. (Amarillo)	f			texapp
txctapp8	SA	Texas Court of Appeals, 8th District (El Paso)	Tex. App. Ct., 8th Dist. (El Paso)	f			texapp
txctapp9	SA	Texas Court of Appeals, 9th District (Beaumont)	Tex. App. Ct., 9th Dist. (Beaumont)	f			texapp
txeb	FB	United States Bankruptcy Court, E.D. Texas	E.D. Texas	t			
txed	FD	District Court, E.D. Texas	E.D. Texas	t			usdistct
txnb	FB	United States Bankruptcy Court, N.D. Texas	N.D. Texas	t			
txnd	FD	District Court, N.D. Texas	N.D. Texas	t			usdistct
txsb	FB	United States Bankruptcy Court, S.D. Texas	S.D. Texas	t			
txsd	FD	District Court, S.D. Texas	S.D. Texas	t			usdistct
txwb	FB	United States Bankruptcy Court, W.D. Texas	W.D. Texas	t			
txwd	FD	District Court, W.D. Texas	W.D. Texas	t			usdistct
usafctmilrev	MA	U S Air Force Court of Military Review	U S Air Force Court of Military Review	t			
usarmymilrev	MA	U.S. Army Court of Military Review	U.S. Army Court of Military Review	t			
usberlinct	FS	 United States Court of Berlin	United States Court of Berlin	f			usdistct
uscfc	FS	United States Court of Federal Claims	Federal Claims	t	1982-04-02		
uscgcoca	MA	U S Coast Guard Court of Criminal Appeals	U S Coast Guard Court of Criminal Appeals	t			
uscirct	F	United States Circuit Court	U.S. Circuit Court	f	1789-01-01	1911-12-31	
usdistct	FD	United States District Court	U.S. District Court	f	1789-01-01		
usjc	C	United States Judicial Conference Committee	U.S. Judicial Conference Committee	t			
usjudconfcomdis	FS	United States Judicial Conference Committee on Judicial Conduct and Disability	United States Judicial Conference Committee on Judicial Conduct and Disability	f			
uslandoffice	FS	United States Land Office	United States Land Office	f			
usnmcmilrev	MA	U.S. Navy-Marine Corps Court of Military Review	U.S. Navy-Marine Corps Court of Military Review	t			
usprovctla	FS	United States Provisional Court for the State of Louisiana	United States Provisional Court for the State of Louisiana	f			
ussurveyor	FS	United States Surveyor	United States Surveyor	f			
utah	S	Utah Supreme Court	Utah Supreme Court	t	1850-01-01		
utahctapp	SA	Court of Appeals of Utah	Court of Appeals of Utah	t	1987-01-17		
utb	FB	United States Bankruptcy Court, D. Utah	D. Utah	t			
utd	FD	District Court, D. Utah	D. Utah	t			usdistct
va	S	Supreme Court of Virginia	Supreme Court of Virginia	t	1779-01-01		
vacc	ST	Virginia Circuit Court	Virginia Circuit Court	f			
vaccaccomack	ST	Accomack County Circuit Court	Accomack County Circuit Court	f			vacc
vaccalbemarle	ST	Albemarle County Circuit Court	Albemarle County Circuit Court	f			vacc
vaccalexandria	ST	Alexandria County Circuit Court	Alexandria County Circuit Court	f			vacc
vaccalleghany	ST	Alleghany County Circuit Court	Alleghany County Circuit Court	f			vacc
vaccamelia	ST	Amelia County Circuit Court	Amelia County Circuit Court	f			vacc
vaccamherst	ST	Amherst County Circuit Court	Amherst County Circuit Court	f			vacc
vaccarlington	ST	Arlington County Circuit Court	Arlington County Circuit Court	f			vacc
vaccaugusta	ST	Augusta County Circuit Court	Augusta County Circuit Court	f			vacc
vaccbath	ST	Bath County Circuit Court	Bath County Circuit Court	f			vacc
vaccbedford	ST	Bedford County Circuit Court	Bedford County Circuit Court	f			vacc
vaccbotetourt	ST	Botetourt County Circuit Court	Botetourt County Circuit Court	f			vacc
vaccbristol	ST	Bristol County Circuit Court	Bristol County Circuit Court	f			vacc
vaccbrunswick	ST	Brunswick County Circuit Court	Brunswick County Circuit Court	f			vacc
vaccbuchanan	ST	Buchanan County Circuit Court	Buchanan County Circuit Court	f			vacc
vaccbuckingham	ST	Buckingham County Circuit Court	Buckingham County Circuit Court	f			vacc
vacccampbell	ST	Campbell County Circuit Court	Campbell County Circuit Court	f			vacc
vacccaroline	ST	Caroline County Circuit Court	Caroline County Circuit Court	f			vacc
vacccarroll	ST	Carroll County Circuit Court	Carroll County Circuit Court	f			vacc
vacccharles	ST	Charles City County Circuit Court	Charles City County Circuit Court	f			vacc
vacccharlottesv	ST	Charlottesville County Circuit Court	Charlottesville County Circuit Court	f			vacc
vaccchesapeake	ST	Chesapeake County Circuit Court	Chesapeake County Circuit Court	f			vacc
vaccchesterfiel	ST	Chesterfield County Circuit Court	Chesterfield County Circuit Court	f			vacc
vaccclarke	ST	Clarke County Circuit Court	Clarke County Circuit Court	f			vacc
vacccolonialh	ST	Colonial Heights County Circuit Court	Colonial Heights County Circuit Court	f			vacc
vacccraig	ST	Craig County Circuit Court	Craig County Circuit Court	f			vacc
vaccculpeper	ST	Culpeper County Circuit Court	Culpeper County Circuit Court	f			vacc
vaccdanville	ST	Danville County Circuit Court	Danville County Circuit Court	f			vacc
vaccdickenson	ST	Dickenson County Circuit Court	Dickenson County Circuit Court	f			vacc
vaccdinwiddie	ST	Dinwiddie County Circuit Court	Dinwiddie County Circuit Court	f			vacc
vaccessex	ST	Essex County Circuit Court	Essex County Circuit Court	f			vacc
vaccfairfax	ST	Fairfax County Circuit Court	Fairfax County Circuit Court	f			vacc
vaccfauquier	ST	Fauquier County Circuit Court	Fauquier County Circuit Court	f			vacc
vaccfloyd	ST	Floyd County Circuit Court	Floyd County Circuit Court	f			vacc
vaccfluvanna	ST	Fluvanna County Circuit Court	Fluvanna County Circuit Court	f			vacc
vaccfranklin	ST	Franklin County Circuit Court	Franklin County Circuit Court	f			vacc
vaccfrederick	ST	Frederick County Circuit Court	Frederick County Circuit Court	f			vacc
vaccfredericksb	ST	Fredericksburg County Circuit Court	Fredericksburg County Circuit Court	f			vacc
vaccgiles	ST	Giles County Circuit Court	Giles County Circuit Court	f			vacc
vaccgloucester	ST	Gloucester County Circuit Court	Gloucester County Circuit Court	f			vacc
vaccgoochland	ST	Goochland County Circuit Court	Goochland County Circuit Court	f			vacc
vaccgrayson	ST	Grayson County Circuit Court	Grayson County Circuit Court	f			vacc
vaccgreene	ST	Greene County Circuit Court	Greene County Circuit Court	f			vacc
vaccgreensville	ST	Greensville County Circuit Court	Greensville County Circuit Court	f			vacc
vacchalifax	ST	Halifax County Circuit Court	Halifax County Circuit Court	f			vacc
vacchampton	ST	Hampton County Circuit Court	Hampton County Circuit Court	f			vacc
vacchanover	ST	Hanover County Circuit Court	Hanover County Circuit Court	f			vacc
vacchenrico	ST	Henrico County Circuit Court	Henrico County Circuit Court	f			vacc
vacchenry	ST	Henry County Circuit Court	Henry County Circuit Court	f			vacc
vacchighland	ST	Highland County Circuit Court	Highland County Circuit Court	f			vacc
vacchopewell	ST	Hopewell County Circuit Court	Hopewell County Circuit Court	f			vacc
vaccisle	ST	Isle of Wight County Circuit Court	Isle of Wight County Circuit Court	f			vacc
vacckinggeorge	ST	King George County Circuit Court	King George County Circuit Court	f			vacc
vacckingwilliam	ST	King William County Circuit Court	King William County Circuit Court	f			vacc
vacclancaster	ST	Lancaster County Circuit Court	Lancaster County Circuit Court	f			vacc
vaccloudoun	ST	Loudoun County Circuit Court	Loudoun County Circuit Court	f			vacc
vacclouisa	ST	Louisa County Circuit Court	Louisa County Circuit Court	f			vacc
vacclynchburg	ST	Lynchburg County Circuit Court	Lynchburg County Circuit Court	f			vacc
vaccmadison	ST	Madison County Circuit Court	Madison County Circuit Court	f			vacc
vaccmartinsvill	ST	Martinsville County Circuit Court	Martinsville County Circuit Court	f			vacc
vaccmathews	ST	Mathews County Circuit Court	Mathews County Circuit Court	f			vacc
vaccmecklenburg	ST	Mecklenburg County Circuit Court	Mecklenburg County Circuit Court	f			vacc
vaccmiddlesex	ST	Middlesex County Circuit Court	Middlesex County Circuit Court	f			vacc
vaccmontgomery	ST	Montgomery County Circuit Court	Montgomery County Circuit Court	f			vacc
vaccnelson	ST	Nelson County Circuit Court	Nelson County Circuit Court	f			vacc
vaccnewkent	ST	New Kent County Circuit Court	New Kent County Circuit Court	f			vacc
vaccnewportnew	ST	Newport News County Circuit Court	Newport News County Circuit Court	f			vacc
vaccnorfolk	ST	Norfolk County Circuit Court	Norfolk County Circuit Court	f			vacc
vaccnorthampton	ST	Northampton County Circuit Court	Northampton County Circuit Court	f			vacc
vaccnorthumberl	ST	Northumberland County Circuit Court	Northumberland County Circuit Court	f			vacc
vaccnottoway	ST	Nottoway County Circuit Court	Nottoway County Circuit Court	f			vacc
vaccpage	ST	Page County Circuit Court	Page County Circuit Court	f			vacc
vaccpatrick	ST	Patrick County Circuit Court	Patrick County Circuit Court	f			vacc
vaccpetersburg	ST	Petersburg County Circuit Court	Petersburg County Circuit Court	f			vacc
vaccpittsylvani	ST	Pittsylvania County Circuit Court	Pittsylvania County Circuit Court	f			vacc
vaccportsmouth	ST	Portsmouth County Circuit Court	Portsmouth County Circuit Court	f			vacc
vaccpowhatan	ST	Powhatan County Circuit Court	Powhatan County Circuit Court	f			vacc
vaccprinceedwa	ST	Prince Edward County Circuit Court	Prince Edward County Circuit Court	f			vacc
vaccprincegeo	ST	Prince George County Circuit Court	Prince George County Circuit Court	f			vacc
vaccprincewill	ST	Prince William County Circuit Court	Prince William County Circuit Court	f			vacc
vaccpulaski	ST	Pulaski County Circuit Court	Pulaski County Circuit Court	f			vacc
vaccradford	ST	Radford County Circuit Court	Radford County Circuit Court	f			vacc
vaccrappahannoc	ST	Rappahannock County Circuit Court	Rappahannock County Circuit Court	f			vacc
vaccrichcity	ST	Richmond City Circuit Court	Richmond City Circuit Court	f			vacc
vaccrichmondcty	ST	Richmond County Circuit Court	Richmond County Circuit Court	f			vacc
vaccroanokecty	ST	Roanoke County Circuit Court	Roanoke County Circuit Court	f			vacc
vaccrockbridge	ST	Rockbridge County Circuit Court	Rockbridge County Circuit Court	f			vacc
vaccrockingham	ST	Rockingham County Circuit Court	Rockingham County Circuit Court	f			vacc
vaccrussell	ST	Russell County Circuit Court	Russell County Circuit Court	f			vacc
vaccsalem	ST	Salem County Circuit Court	Salem County Circuit Court	f			vacc
vaccscott	ST	Scott County Circuit Court	Scott County Circuit Court	f			vacc
vaccshenandoah	ST	Shenandoah County Circuit Court	Shenandoah County Circuit Court	f			vacc
vaccsmyth	ST	Smyth County Circuit Court	Smyth County Circuit Court	f			vacc
vaccsouthampton	ST	Southampton County Circuit Court	Southampton County Circuit Court	f			vacc
vaccspotsylvani	ST	Spotsylvania County Circuit Court	Spotsylvania County Circuit Court	f			vacc
vaccstafford	ST	Stafford County Circuit Court	Stafford County Circuit Court	f			vacc
vaccstaunton	ST	Staunton County Circuit Court	Staunton County Circuit Court	f			vacc
vaccsuffolk	ST	Suffolk County Circuit Court	Suffolk County Circuit Court	f			vacc
vaccsurry	ST	Surry County Circuit Court	Surry County Circuit Court	f			vacc
vaccsussex	ST	Sussex County Circuit Court	Sussex County Circuit Court	f			vacc
vacctazewell	ST	Tazewell County Circuit Court	Tazewell County Circuit Court	f			vacc
vaccvabeach	ST	Virginia Beach County Circuit Court	Virginia Beach County Circuit Court	f			vacc
vaccwarren	ST	Warren County Circuit Court	Warren County Circuit Court	f			vacc
vaccwashington	ST	Washington County Circuit Court	Washington County Circuit Court	f			vacc
vaccwaynesboro	ST	Waynesboro County Circuit Court	Waynesboro County Circuit Court	f			vacc
vaccwestmorelan	ST	Westmoreland County Circuit Court	Westmoreland County Circuit Court	f			vacc
vaccwilliams	ST	Williamsburg and James County Circuit Court	Williamsburg and James County Circuit Court	f			vacc
vaccwinchester	ST	Winchester County Circuit Court	Winchester County Circuit Court	f			vacc
vaccwise	ST	Wise & Norton County Circuit Court	Wise & Norton County Circuit Court	f			vacc
vaccwythe	ST	Wythe County Circuit Court	Wythe County Circuit Court	f			vacc
vaccyork	ST	York County Poquoson County Circuit Court	York County Poquoson County Circuit Court	f			vacc
vachanct	ST	Virginia Chancery Court	Virginia Chancery Court	f	1802-01-01		
vachanctnorf	ST	Norfolk Chancery Court, Virginia	Norfolk Chancery Court, Virginia	f			vachanct
vachanctrich	ST	Richmond Chancery Court, Virginia	Richmond Chancery Court, Virginia	f			vachanct
vacorpct	ST	Virginia Coporation Court	Virginia Corporation Court	f			
vacorpctradford	ST	Radford Corporation Court, Va.	Radford Corporation Court, Va.	f			vacorpct
vacorpctsbris	ST	Bristol Corporation Court, Va.	Bristol Corporation Court, Va.	f			vacorpct
vacorpctslynch	ST	Lynchburg Corporation Court, Va.	Lynchburg Corporation Court, Va.	f			vacorpct
vacorpctsnorf	ST	South Norfolk Corporation Court, Va.	South Norfolk Corporation Court, Va.	f			vacorpct
vacorpctwinche	ST	Winchester Corporation Court, Va.	Winchester Corporation Court, Va.	f			vacorpct
vactapp	SA	Court of Appeals of Virginia	Court of Appeals of Virginia	t	1985-01-01		
vad	FD	District Court, D. Virginia	D. Virginia	f	1789-09-24	1819-02-04	usdistct
vaeb	FB	United States Bankruptcy Court, E.D. Virginia	E.D. Virginia	t			
vaed	FD	District Court, E.D. Virginia	E.D. Virginia	t			usdistct
vagensess	SS	General Court of Virginia	General Court of Virginia	f			
vamedmalrevpan	ST	Medical Malpractice Review Panel	Medical Malpractice Review Panel	f			
vawb	FB	United States Bankruptcy Court, W.D. Virginia	W.D. Virginia	t			
vawd	FD	District Court, W.D. Virginia	W.D. Virginia	t			usdistct
vib	FB	United States Bankruptcy Court, D. Virgin Islands	D. Virgin Islands	t			
vid	FD	District Court, Virgin Islands	Virgin Islands	t			usdistct
vimunict	TT	Municipal Court of The Virgin Islands	Municipal Court of The Virgin Islands	f			
vipolct	TT	Police Court of The Virgin Islands	Police Court of The Virgin Islands	f			
virginislands	TS	Supreme Court of The Virgin Islands	Supreme Court of The Virgin Islands	t			
visuper	TT	Superior Court of The Virgin Islands	Superior Court of The Virgin Islands	f			
vt	S	Supreme Court of Vermont	Supreme Court of Vermont	t	1778-01-01		
vtb	FB	United States Bankruptcy Court, D. Vermont	D. Vermont	t			
vtd	FD	District Court, D. Vermont	D. Vermont	t			usdistct
vtsuperct	SA	Vermont Superior Court	Vermont Superior Court	t			
waeb	FB	United States Bankruptcy Court, E.D. Washington	E.D. Washington	t			
waed	FD	District Court, E.D. Washington	E.D. Washington	t	1905-03-02		usdistct
wash	S	Washington Supreme Court	Washington Supreme Court	t	1889-01-01		
washag	SAG	Washington Attorney General Reports	Washington Attorney General Reports	t			
washctapp	SA	Court of Appeals of Washington	Court of Appeals of Washington	t	1969-01-01		
washd	FD	District Court, D. Washington	D. Washington	f	1890-04-05	1905-03-02	usdistct
washterr	SS	Washington Territory	Washington Territory	t	1853-03-02	1889-11-11	
wawb	FB	United States Bankruptcy Court, W.D. Washington	W.D. Washington	t			
wawd	FD	District Court, W.D. Washington	W.D. Washington	t	1905-03-02		usdistct
webchippewatr	TRT	White Earth Band of Chippewa Tribal Court	White Earth Band of Chippewa Tribal Court	t			
wieb	FB	United States Bankruptcy Court, E.D. Wisconsin	E.D. Wisconsin	t			
wied	FD	District Court, E.D. Wisconsin	E.D. Wisconsin	t			usdistct
wis	S	Wisconsin Supreme Court	Wisconsin Supreme Court	t	1836-01-01		
wisag	SAG	Wisconsin Attorney General Reports	Wisconsin Attorney General Reports	t			
wisctapp	SA	Court of Appeals of Wisconsin	Court of Appeals of Wisconsin	t	1978-08-01		
wisd	FD	District Court, D. Wisconsin	D. Wisconsin	f	1848-05-29	1870-06-30	usdistct
wiwb	FB	United States Bankruptcy Court, W.D. Wisconsin	W.D. Wisconsin	t			
wiwd	FD	District Court, W.D. Wisconsin	W.D. Wisconsin	t			usdistct
wva	S	West Virginia Supreme Court	West Virginia Supreme Court	t	1863-01-01		
wvactapp	SA	Intermediate Court of Appeals of West Virginia	Int. Ct. of App. of W.Va.	t	2022-07-01		
wvad	FD	District Court, D. West Virginia	D. West Virginia	f	1864-06-11	1901-01-22	usdistct
wvctcl	ST	West Virginia Court of Claims	West Virginia Court of Claims	f			
wvnb	FB	United States Bankruptcy Court, N.D. West Virginia	N.D. West Virginia	t			
wvnd	FD	District Court, N.D. West Virginia	N.D. West Virginia	t			usdistct
wvsb	FB	United States Bankruptcy Court, S.D. West Virginia	S.D. West Virginia	t			
wvsd	FD	District Court, S.D. West Virginia	S.D. West Virginia	t			usdistct
wyb	FB	United States Bankruptcy Court, D. Wyoming	D. Wyoming	t			
wyd	FD	District Court, D. Wyoming	D. Wyoming	t			usdistct
wyo	S	Wyoming Supreme Court	Wyoming Supreme Court	t	1921-01-01		
yrekadistct	ST	Yreka District Court	Yreka District Court	f	1849-01-01	1879-12-31	caldistct
yubadistct	ST	Yuba District Court	Yuba District Court	f	1849-01-01	1879-12-31	caldistct
